LC Identifier,Possible Wikidata Label 1,Possible Wikidata Label 2,LC Label 1,LC Label 2,LC Label 3,LC Label 4,LC Label 5,LC Label 6
sh85000165,Abitibi people,Abitibi ,Abitibi Indians,Abittibi Indians,,,,
sh85000341,Acaxee people,Acaxee ,Acaxee Indians,,,,,
sh85000568,Acoma people,Acoma ,Acoma Indians,,,,,
sh85002510,Aguas Calientes people,Aguas Calientes ,Aguas Calientes Indians,Aguascalientes Indians,Agua Caliente Indians,,,
sh85002536,Ahtena people,Ahtena ,Ahtena Indians,Ahtinné Indians,Atnah Indians,Atnatana Indians,Yellow Knives (Indians),
sh85003493,Alabama people,Alabama ,Alabama Indians,Alibamu Indians,,,,
sh85003482,Algonquian people,Algonquian ,Algonquian Indians,Algonkian Indians,,,,
sh85003480,Algonquin people,Algonquin ,Algonquin Indians,Algonkine Indians,Algonkinska Indians,Algonquine Indians,Algonkin Indians,
sh85003854,Alsea people,Alsea ,Alsea Indians,,,,,
sh85005883,Apache people,Apache ,Apache Indians,Diné Indians (Apache),,,,
sh85005891,Apalachee people,Apalachee ,Apalachee Indians,Appalachian Indians,,,,
sh85005893,Apalachicola people,Apalachicola ,Apalachicola Indians,Appalachicola Indians,Blount Indians,Blunt Indians,,
sh85006422,Arapaho people,Arapaho ,Arapaho Indians,Arapahoe Indians,,,,
sh85007149,Arikara people,Arikara ,Arikara Indians,Arickara Indians,Arickaree Indians,Ree Indians,,
sh85007407,Arosaguntacook people,Arosaguntacook ,Arosaguntacook Indians,Amarascogin Indians,Amerescoggin Indians,Anasagunticook Indians,Androscoggin Indians,Bescommonconty Indians
sh85008755,Assateague people,Assateague ,Assateague Indians,Asseteague Indians,,,,
sh85008794,Assiniboine people,Assiniboine ,Assiniboine Indians,Nakota Indians,Stoney Indians,Stony Indians,Assiniboin Indians,
sh85009376,Atakapa people,Atakapa ,Atakapa Indians,Akokisa Indians,Attakapa Indians,Skunnemoke Indians,Yuk'hitiishak Indians,Attacapa Indians
sh85009107,Athapascan people,Athapascan ,Athapascan Indians,Athabascan Indians,Athabaskan Indians,Athapaskan Indians,,
sh85134172,Atikamekw people,Atikamekw ,Atikamekw Indians,Atikamek Indians,Attikamekw Indians,Attimewk Indians,Tête-de-Boule Indians,Têtes de Boule Indians
sh85010674,Azteco-Tanoan people,Azteco-Tanoan ,Azteco-Tanoan Indians,,,,,
sh85011677,Bannock people,Bannock ,Bannock Indians,,,,,
sh85012108,Basket-Maker people,Basket-Maker ,Basket-Maker Indians,Basketmaker Indians,,,,
sh91001983,Bearlake people,Bearlake ,Bearlake Indians,Bear Lake Indians,Great Bear Lake Indians,Sahtu Dene Indians,Sahtúot'dine Indians,Satudene Indians
sh85013248,Beothuk people,Beothuk ,Beothuk Indians,Beothikan Indians,Beothukan Indians,Red Indians of Newfoundland,,
sh85014072,Biloxi people,Biloxi ,Biloxi Indians,,,,,
sh85015203,Bocootawwonauke people,Bocootawwonauke ,Bocootawwonauke Indians,,,,,
sh85017232,Brotherton people,Brotherton ,Brotherton Indians,Brothertown Indians,Nientken Indians,Wapanachki Indians,,
sh85017309,Brulé people,Brulé ,Brulé Indians,,,,,
sh85018617,Caddo people,Caddo ,Caddo Indians,,,,,
sh85018620,Caddoan people,Caddoan ,Caddoan Indians,,,,,
sh85018697,Cahita people,Cahita ,Cahita Indians,Caita Indians,Taracahitan Indians,Topia Indians,,
sh85019038,Calusa people,Calusa ,Calusa Indians,Caloosa Indians,Cape Florida Indians,Kaloosas Indians,Kalusa Indians,
sh95000899,Campo people,Campo ,Campo Indians,,,,,
sh85019994,Capote people,Capote ,Capote Indians,,,,,
sh85020468,Carrier people,Carrier ,Carrier Indians,Takulli Indians,,,,
sh85020961,Catawba people,Catawba ,Catawba Indians,Kataba Indians,,,,
sh2017004946,Cathlamet people,Cathlamet ,Cathlamet Indians,Catelamet Indians,Cath Camettes Indians,Cathelametts Indians,Cathlamah Indians,Cath-la-mas Indians
sh85021559,Cayuga people,Cayuga ,Cayuga Indians,Gueugwehono Indians,Kayohkhó·nỏ Indians,Kayokwehó·nỏ Indians,,
sh85021562,Cayuse people,Cayuse ,Cayuse Indians,,,,,
sh85021564,Cazcan people,Cazcan ,Cazcan Indians,Caxcan Indians,,,,
sh94004715,Chastacosta people,Chastacosta ,Chastacosta Indians,Chasta Costa Indians,Shasta Costa Indians,,,
sh85022859,Chehalis people,Chehalis ,Chehalis Indians,,,,,
sh95009474,Chelan people,Chelan ,Chelan Indians,Tsill-ane Indians,,,,
sh96003851,Chemakum people,Chemakum ,Chemakum Indians,Ahwakilu Indians,Chemakeem Indians,Chemakeum Indians,Chemekem Indians,Chimakem Indians
sh85022885,Chemehuevi people,Chemehuevi ,Chemehuevi Indians,,,,,
sh85023065,Cheraw people,Cheraw ,Cheraw Indians,Saura Indians,,,,
sh89004882,Cheroenhaka people,Cheroenhaka ,Cheroenhaka Indians,Nadawa Indians,Nottoway Indians,Nottaway Indians,,
sh85023080,Cherokee people,Cherokee ,Cherokee Indians,,,,,
sh85023166,Chetco people,Chetco ,Chetco Indians,Chetkoe Indians,,,,
sh85023188,Cheyenne people,Cheyenne ,Cheyenne Indians,Suhtai Indians,Suhtaio Indians,TsisTsisTsas Indians,Tsitsistas Indians,
sh85023284,Chickasaw people,Chickasaw ,Chickasaw Indians,Chicachas Indians,Chicasa Indians,Chichacha Indians,Chickesaw Indians,Chikasaw Indians
sh85138321,Chilcotin people,Chilcotin ,Chilcotin Indians,Tsilhqot'in Indians,Tsilkotin Indians,,,
sh85023932,Chilkat people,Chilkat ,Chilkat Indians,,,,,
sh85023937,Chilliwack people,Chilliwack ,Chilliwack Indians,Chilliwhack Indians,,,,
sh85023964,Chimmesyan people,Chimmesyan ,Chimmesyan Indians,,,,,
sh85024396,Chinook people,Chinook ,Chinook Indians,,,,,
sh85024403,Chinookan people,Chinookan ,Chinookan Indians,,,,,
sh85024416,Chipewyan people,Chipewyan ,Chipewyan Indians,Chepewyan Indians,Dene Indians (Chipewyan),,,
sh95010346,Chiricahua people,Chiricahua ,Chiricahua Indians,Bedonkohes Indians,Chihennes Indians,Chiricahua Apache Indians,Chokonen Indians,Nednis Indians
sh85024491,Chitimacha people,Chitimacha ,Chitimacha Indians,Chitimachan Indians,Shetimasha Indians,,,
sh85024609,Choctaw people,Choctaw ,Choctaw Indians,,,,,
sh85024694,Choptank people,Choptank ,Choptank Indians,,,,,
sh2016001805,Chowanoc people,Chowanoc ,Chowanoc Indians,Chawanock Indians,Chawanook Indians,Chawonack Indians,Chawoncack Indians,Chawonest Indians
sh98006965,Cibecue Apache people,Cibecue Apache ,Cibecue Apache Indians,Canyon Creek Apache Indians,Carrizo Apache Indians,,,
sh85026509,Clackamas people,Clackamas ,Clackamas Indians,Clackama Indians,,,,
sh85026541,Clallam people,Clallam ,Clallam Indians,Klallam Indians,,,,
sh2017003425,Clatsop people,Clatsop ,Clatsop Indians,Calt-sops Indians,Chatsops Indians,Cladsaps Indians,Clap-sott Indians,Clasaps Indians
sh85026879,Clayoquot people,Clayoquot ,Clayoquot Indians,Claiakwat Indians,Ilaoquatsh Indians,Klahoquaht Indians,Tlaoquatsh Indians,
sh85027305,Coahuiltecan people,Coahuiltecan ,Coahuiltecan Indians,Coahuilteco Indians,,,,
sh85027556,Coca people,Coca ,Coca Indians,,,,,
sh85027585,Cochiti people,Cochiti ,Cochiti Indians,,,,,
sh85027633,Cocopa people,Cocopa ,Cocopa Indians,Cocapa Indians,Cocapah Indians,Cocopah Indians,Cucapá Indians,Cucupa Indians
sh85123215,Coeur d'Alene people,Coeur d'Alene ,Coeur d'Alene Indians,Coeur d' Alene Indians,Coeur d' Alenes,Coeur d'Alenes,Schitsue Indians,Schitsu'ukmsh Indians
sh85028774,Colville people,Colville ,Colville Indians,,,,,
sh85028785,Comanche people,Comanche ,Comanche Indians,Camanche Indians,Commanche Indians,Näumi Indians,Nemene Indians,Nerm Indians
sh85030821,Conestoga people,Conestoga ,Conestoga Indians,,,,,
sh85031211,Conoy people,Conoy ,Conoy Indians,,,,,
sh85032248,Coos people,Coos ,Coos Indians,Kusan Indians,,,,
sh00002196,Coosa people,Coosa ,Coosa Indians,Coosah Indians,Coosaw Indians,Cosah Indians,Kissah Indians,Koosoe Indians
sh85032503,Coquille people,Coquille ,Coquille Indians,Coquelle Indians,Miluk Indians,Mishikhwutmetunne Indians,Mulluk Indians,Nasami Indians
sh85032505,Cora people,Cora ,Cora Indians,Ateanaca Indians,Chora Indians,Chota Indians,Coraice Indians,Muutzicat Indians
sh94007901,Coree people,Coree ,Coree Indians,Caranine Indians,Coramine Indians,Coranine Indians,Corees Indians,Cores Indians
sh85033649,Cowichan people,Cowichan ,Cowichan Indians,,,,,
sh85033655,Cowlitz people,Cowlitz ,Cowlitz Indians,,,,,
sh85033881,Cree people,Cree ,Cree Indians,,,,,
sh85033891,Creek people,Creek ,Creek Indians,Maskoki Indians,Muscogee Indians,Muskogee Indians,Muskoki Indians,Mvskoke Indians
sh85034326,Crow people,Crow ,Crow Indians,Absahrokee Indians,Absaroka Indians,Apsaalooke Indians,Apsaroke Indians,
sh85035484,Dakota people,Dakota ,Dakota Indians,Nadowessioux Indians,Naudowessie Indians,Nawdowissnee Indians,Sioux Indians,Wahpakoota Sioux Indians
sh2018000469,Dakubetede people,Dakubetede ,Dakubetede Indians,Applegate Athapascan Indians,Applegate Creek Indians,Applegate Indians,Applegate River Indians,Da'-ku-be te'-de Indians
sh85066337,Deg Hit'an people,Deg Hit'an ,Deg Hit'an Indians,Dena Indians,Inkalik Indians,Ten'a Indians,Ingalik Indians,
sh85036546,Delaware people,Delaware ,Delaware Indians,Lenape Indians,Lenni Lenape Indians,Linapi Indians,,
sh85132242,Dena'ina people,Dena'ina ,Dena'ina Indians,Denaina Indians,Knaiakhotana Indians,Tanaina Indians,Tanai Indians,
sh98002411,Dene Thá people,Dene Thá ,Dene Thá Indians,Dene Dhaá Indians,Dene Dhah Indians,Desnedeyarelottine Indians,Echellaotunna Indians,Etchaotinne Indians
sh85037442,Dhegiha people,Dhegiha ,Dhegiha Indians,,,,,
sh85037776,Diegueño people,Diegueño ,Diegueño Indians,Kwaaymi Indians,Tipai Indians,,,
sh00001547,Ditidaht people,Ditidaht ,Ditidaht Indians,Nitinaht Indians,,,,
sh85134919,Dogrib people,Dogrib ,Dogrib Indians,Dog Rib Indians,Flancs-de-Chien Indians,Plats-Côtes-de Chien Indians,Tli Cho Indians,Tlicho Indians
sh85039893,Dudley people,Dudley ,Dudley Indians,,,,,
sh85040175,Duwamish people,Duwamish ,Duwamish Indians,Dwamish Indians,,,,
sh2013001840,Eno people,Eno ,Eno Indians,Haynoke Indians,Oenock Indians,,,
sh95009478,Entiat people,Entiat ,Entiat Indians,Intietooks Indians,Sintiatqkumuhs Indians,,,
sh85044624,Erie people,Erie ,Erie Indians,,,,,
sh85044872,Esopus people,Esopus ,Esopus Indians,Soopus Indians,Sopus Indians,,,
sh2002005405,Esselen people,Esselen ,Esselen Indians,Aschatlien Indians,Ecclemach Indians,Ecselen Indians,Ensen Indians,Esken Indians
sh85046638,Eyak people,Eyak ,Eyak Indians,,,,,
sh85051119,Fox people,Fox ,Fox Indians,Meskwaki Indians,Muskwaki Indians,Musquakie Indians,Outagami Indians,Mesquakie Indians
sh2018001519,Galice people,Galice ,Galice Indians,Galeese Creek Indians,Galice Creek Indians,Galleace Creek Indians,Gleese Cleek Indians,Grease Creek Indians
sh85053579,Gay Head people,Gay Head ,Gay Head Indians,,,,,
sh85072584,Gitxsan people,Gitxsan ,Gitxsan Indians,Giklsan Indians,Gitsenimx Indians,Gitxsen Indians,Gityskyan Indians,Gyitkshan Indians
sh85055978,Gosiute people,Gosiute ,Gosiute Indians,Goshute Indians,,,,
sh85009370,Gros Ventre people (Montana),Gros Ventre  (Montana),Gros Ventre Indians (Montana),A'ani Indians,A'aninin Indians,Fall Indians,Gros Ventres Indians (Montana),Grosventre Indians (Montana)
sh87007004,Guale people,Guale ,Guale Indians,,,,,
sh85073509,Gwich'in people,Gwich'in ,Gwich'in Indians,Gwitchin Indians,Loucheux Indians,Kutchin Indians,,
sh85058177,Hackensack people,Hackensack ,Hackensack Indians,,,,,
sh85058279,Haida people,Haida ,Haida Indians,Skittagetan Indians,,,,
sh85058339,Haisla people,Haisla ,Haisla Indians,Kitamat Indians,Kitimat Indians,Kitlope Indians,,
sh00002170,Halchidhoma people,Halchidhoma ,Halchidhoma Indians,Alchedoma Indians,Halchedoma Indians,Halchedun Indians,Halchidoma Indians,Jalchedun Indians
sh95007863,Han people,Han ,Han Indians,Hankutchin Indians,Tr'ondëk Hwëch'in Indians,,,
sh85059245,Hasinai people,Hasinai ,Hasinai Indians,,,,,
sh85059328,Havasupai people,Havasupai ,Havasupai Indians,Supai Indians,,,,
sh85013032,Heiltsuk people,Heiltsuk ,Heiltsuk Indians,Bella Bella Indians,Haeltzuk Indians,Hailtsa Indians,Heiltsuq Indians,Hiletsuk Indians
sh2017005293,Hia-Ced O'odham people,Hia-Ced O'odham ,Hia-Ced O'odham Indians,Areneño Indians,Hia C-ed O'odham Indians,People from the Sand Indians,Sand Papago Indians,
sh85060626,Hidatsa people,Hidatsa ,Hidatsa Indians,Gros Ventre Indians (Siouan),Gros Ventres Indians (Siouan),Grosventre Indians (Siouan),Grosventres Indians (Siouan),Minitaree Indians
sh2004006013,Ho Chunk people,Ho Chunk ,Ho Chunk Indians,Hocak Indians,Hocank Indians,Hochangara Indians,Hochank Indians,Hochunk Indians
sh85061933,Hopi people,Hopi ,Hopi Indians,Moki Indians,Moqui Indians,Tusayan Indians,,
sh85062524,Houma people,Houma ,Houma Indians,Huma Indians,Ouma Indians,,,
sh85062726,Hualapai people,Hualapai ,Hualapai Indians,Hualapi Indians,Walapai Indians,Walapi Indians,,
sh2002007751,Hul'qumi'num people,Hul'qumi'num ,Hul'qumi'num Indians,Island Halkomelem Indians,,,,
sh85063092,Hunkpapa people,Hunkpapa ,Hunkpapa Indians,Unc Papa Indians,Uncpapa Indians,Uncpappa Indians,Unkpapa Dakota Indians,Unkpapa Indians
sh85063161,Hupa people,Hupa ,Hupa Indians,Hoopa Indians,Hoopah Indians,,,
sh85064317,Illinois people,Illinois ,Illinois Indians,,,,,
sh2014001892,Innu people,Innu ,Innu Indians,Montagnais and Naskapi Indians,,,,
sh85067858,Iowa people,Iowa ,Iowa Indians,Ioway Indians,,,,
sh85068258,Iroquoian people,Iroquoian ,Iroquoian Indians,,,,,
sh85068260,Iroquois people,Iroquois ,Iroquois Indians,Agoneaseah Indians,Massawomeke Indians,Mengwe Indians,,
sh85068622,Isleta people,Isleta ,Isleta Indians,,,,,
sh85069879,Jemez people,Jemez ,Jemez Indians,,,,,
sh85070522,Jicarilla people,Jicarilla ,Jicarilla Indians,Jicarilla Apache Indians,,,,
sh85070995,Jumano people,Jumano ,Jumano Indians,,,,,
sh85071290,Kainah people,Kainah ,Kainah Indians,Blood Indians,,,,
sh85071330,Kalapuya people,Kalapuya ,Kalapuya Indians,Calapooiah Indians,Calapooya Indians,Calapooyan Indians,Calapuya Indians,Kalapooiah Indians
sh85071350,Kalispel people,Kalispel ,Kalispel Indians,Pend d'Oreille Indians,,,,
sh85071505,Kansa people,Kansa ,Kansa Indians,Kansas Indians,Kanza Indians,Kaw Indians,,
sh85071604,Karankawa people,Karankawa ,Karankawa Indians,Carancahua Indians,Clamcoët Indians,Karankawan Indians,,
sh85071664,Karok people,Karok ,Karok Indians,Karuk Indians,,,,
sh85071696,Kashaya people,Kashaya ,Kashaya Indians,,,,,
sh85071712,Kaska people,Kaska ,Kaska Indians,,,,,
sh85071714,Kaskaskia people,Kaskaskia ,Kaskaskia Indians,,,,,
sh85071744,Kato people,Kato ,Kato Indians,,,,,
sh85071777,Kawaiisu people,Kawaiisu ,Kawaiisu Indians,,,,,
sh85071789,Kawchottine people,Kawchottine ,Kawchottine Indians,Hare Indians,Kawchodinne Indians,Peaux-de-Lièvres Indians,,
sh85071843,Keeche people,Keeche ,Keeche Indians,,,,,
sh85072050,Keresan people,Keresan ,Keresan Indians,,,,,
sh2015000364,Kewa people,Kewa ,Kewa Indians,Kewa Pueblo Indians,Santo Domingo Indians,,,
sh85072114,Keyauwee people,Keyauwee ,Keyauwee Indians,Keawee Indians,Keeawawe Indians,Keeowee Indians,,
sh85072238,Kickapoo people,Kickapoo ,Kickapoo Indians,Kiikaapoa Indians,Kiikaapoi Indians,Kikapoo Indians,Kikapú Indians,
sh85072321,Kiliwa people,Kiliwa ,Kiliwa Indians,Kiliwi Indians,,,,
sh85072493,Kiowa Apache people,Kiowa Apache ,Kiowa Apache Indians,"Apache Indians, Kiowa","Apache Indians, Plains",Bay-ca-yeh Indians,Kataka Indians,Khat-tleen-deh Indians
sh85072494,Kiowa people,Kiowa ,Kiowa Indians,Cáuigú Indians,Kiowan Indians,,,
sh85072594,Kitwancool people,Kitwancool ,Kitwancool Indians,Kitwinskole Indians,,,,
sh85072606,Kiyuksa people,Kiyuksa ,Kiyuksa Indians,Wa-ha-shaw Indians,,,,
sh85072618,Klamath people,Klamath ,Klamath Indians,Muckaluck Indians,,,,
sh85072638,Klikitat people,Klikitat ,Klikitat Indians,Klicatat Indians,Klickataats Indians,Klickatates Indians,Klickatats Indians,Klickitats Indians
sh85072752,Koasati people,Koasati ,Koasati Indians,Coshatta Indians,Coushatta Indians,,,
sh2016000332,Konkow people,Konkow ,Konkow Indians,Concow Indians,Concow Maidu Indians,Kojo:mk'awi Indians,Konkow Maidu Indians,Northwestern Maidu Indians
sh85073511,Kootenai people,Kootenai ,Kootenai Indians,Asánʾka Indians,Cootenai Indians,Flatbow Indians,Kinbasket Indians,Kitunahan Indians
sh85073215,Koyukon people,Koyukon ,Koyukon Indians,Dena Indians,Denaakk'e Indians,Khotana Indians,Koyukuk Indians,Koyukukkhotana Indians
sh85073378,Kuitsh people,Kuitsh ,Kuitsh Indians,,,,,
sh85073502,Kusso people,Kusso ,Kusso Indians,Kussoo Indians,,,,
sh85073541,Kwakiutl people,Kwakiutl ,Kwakiutl Indians,Kwagiutl Indians,Kwakwaka'wakw Indians,Kwakwala Indians,,
sh85073970,Laguna people,Laguna ,Laguna Indians,,,,,
sh85134175,Lakota people,Lakota ,Lakota Indians,Lakota Sioux Indians,Lakotah Indians,Prairie dweller Indians,"Sioux Indians, Western",Teton Sioux Indians
sh2017004579,Latgawa people,Latgawa ,Latgawa Indians,Lat-ga-wa Indians,Upland Takelma Indians,Upper Takelma Indians,Walumskni Indians,
sh2002009105,Lekwungen people,Lekwungen ,Lekwungen Indians,Songhees Indians,,,,
sh85076977,Lillooet people,Lillooet ,Lillooet Indians,Lilowat Indians,Státímc Indians,,,
sh85077286,Lipan people,Lipan ,Lipan Indians,Lipaines Indians,Lipane Indians,Lipanes Indians,,
sh85078803,Lumbee people,Lumbee ,Lumbee Indians,Croatan Indians,Croatoan Indians,Hatteras Indians,,
sh85078844,Lummi people,Lummi ,Lummi Indians,Lummas Indians,Lumme Indians,Lummie Indians,Lumni Indians,
sh85079036,Lutuamian people,Lutuamian ,Lutuamian Indians,Lutuami Indians,,,,
sh85079513,Madehsi people,Madehsi ,Madehsi Indians,Madesiwi Indians,Modesse Indians,,,
sh85079852,Mahican people,Mahican ,Mahican Indians,Mohican Indians (N.Y.),River Indians (N.Y.),,,
sh85079871,Maidu people,Maidu ,Maidu Indians,Maideh Indians,Meidoo Indians,Pujunan Indians,,
sh85079986,Makah people,Makah ,Makah Indians,Cape Indians,Classet Indians,Clatset Indians,Ozette Indians,
sh85080131,Malecite people,Malecite ,Malecite Indians,Etchemin Indians,Mahnesheets Indians,Maliseet Indians,Malisit Indians,Marashite Indians
sh85080367,Manahoac people,Manahoac ,Manahoac Indians,,,,,
sh85080414,Mandan people,Mandan ,Mandan Indians,Mawatoni Indians,Wahtani Indians,,,
sh85080537,Manhattan people,Manhattan ,Manhattan Indians,,,,,
sh94002763,Manso people,Manso ,Manso Indians,Gorreta Indians,Lano Indians,Pataraguel Indians,Tanpachoa Indians,
sh85081082,Maricopa people,Maricopa ,Maricopa Indians,Cocomaricopa Indians,Pee Posh Indians,Piipaash Indians,Pipatsje Indians,
sh85081796,Mascouten people,Mascouten ,Mascouten Indians,,,,,
sh85081812,Mashpee people,Mashpee ,Mashpee Indians,Marshpee Indians,,,,
sh85081913,Massachuset people,Massachuset ,Massachuset Indians,Massachusetts Indians,Natick Indians,,,
sh85081961,Massapequa people,Massapequa ,Massapequa Indians,,,,,
sh92003323,Massawomeck people,Massawomeck ,Massawomeck Indians,Massomack Indians,Pocoughtranack Indians,Pocoughtronack Indians,,
sh85082431,Mayo people,Mayo ,Mayo Indians,Yolem'me Indians,Yoreme Indians,,,
sh85082659,Mdewakanton people,Mdewakanton ,Mdewakanton Indians,Medawakanton Indians,,,,
sh85083587,Menominee people,Menominee ,Menominee Indians,,,,,
sh85083908,Mescalero people,Mescalero ,Mescalero Indians,,,,,
sh2003001925,Methow people,Methow ,Methow Indians,Meshons Indians,Metcowwee Indians,Methews Indians,Methoms Indians,Mitaui Indians
sh85084652,Miami people,Miami ,Miami Indians,Myaamia Indians,Twatwa Indians,Twightwee Indians,,
sh85084717,Micmac people,Micmac ,Micmac Indians,Mickmak Indians,Migmac Indians,Mi'kmaq Indians,Mi'kmaw Indians,
sh85085084,Mikasuki people,Mikasuki ,Mikasuki Indians,Miccosukee Indians,,,,
sh85085380,Mill Creek people,Mill Creek ,Mill Creek Indians,,,,,
sh85085448,Mimbreño people,Mimbreño ,Mimbreño Indians,Coppermine Apache Indians,,,,
sh85085636,Mingo people,Mingo ,Mingo Indians,Mingwe Indians,,,,
sh85085698,Miniconjou people,Miniconjou ,Miniconjou Indians,Minneconjon Indians,,,,
sh85085739,Minisink people,Minisink ,Minisink Indians,Minusing Indians,,,,
sh85086182,Missisauga people,Missisauga ,Missisauga Indians,Mississauga Indians,,,,
sh85086233,Missouri people,Missouri ,Missouri Indians,Missouria Indians,Niutachi Indians,,,
sh85086246,Mistassin people,Mistassin ,Mistassin Indians,Mistassini Indians,,,,
sh85086315,Miwok people,Miwok ,Miwok Indians,Awani Indians,Me-Wuk Indians,Meewoc Indians,Mewan Indians,Mi-Wuk Indians
sh85086362,Moache people,Moache ,Moache Indians,Muache Indians,,,,
sh85086384,Mobile people,Mobile ,Mobile Indians,Mabile Indians,Maubile Indians,Mauilla Indians,Mauvila Indians,Mavila Indians
sh85086452,Modoc people,Modoc ,Modoc Indians,,,,,
sh85086488,Mogollon people,Mogollon ,Mogollon Indians,,,,,
sh85086506,Mohegan people,Mohegan ,Mohegan Indians,Mohican Indians (Conn.),River Indians (Conn.),,,
sh85086538,Molala people,Molala ,Molala Indians,Molel Indians,,,,
sh85086669,Monacan people,Monacan ,Monacan Indians,,,,,
sh85087004,Montagnais people,Montagnais ,Montagnais Indians,Mountaineer Indians,,,,
sh85087026,Montauk people,Montauk ,Montauk Indians,,,,,
sh85087192,Moquelumnan people,Moquelumnan ,Moquelumnan Indians,Olon-ko Indians,Wakalumitoh Indians,,,
sh85087226,Moravian people,Moravian ,Moravian Indians,Christian Indians (Moravian),,,,
sh85088229,Muckleshoot people,Muckleshoot ,Muckleshoot Indians,,,,,
sh85088393,Multnomah people,Multnomah ,Multnomah Indians,,,,,
sh85088508,Munsee people,Munsee ,Munsee Indians,Minsi Indians,Monsey Indians,Moonsee Indians,Muncey Indians,Muncie Indians
sh85089057,Muskogean people,Muskogean ,Muskogean Indians,Muskhogean Indians,,,,
sh85089526,Nahane people,Nahane ,Nahane Indians,Nahani Indians,Nahauni Indians,,,
sh85089695,Nanticoke people,Nanticoke ,Nanticoke Indians,,,,,
sh85089830,Narragansett people,Narragansett ,Narragansett Indians,Narraganset Indians,,,,
sh85089882,Naskapi people,Naskapi ,Naskapi Indians,Nascapi Indians,Nasquapee Indians,Nascapee Indians,,
sh85089922,Natchesan people,Natchesan ,Natchesan Indians,,,,,
sh85089927,Natchez people,Natchez ,Natchez Indians,,,,,
sh85090325,Nauset people,Nauset ,Nauset Indians,,,,,
sh85090189,Neets'aii Gwich'in people,Neets'aii Gwich'in ,Neets'aii Gwich'in Indians,Chandalar Kutchin Indians,Netsikutchin Indians,Natsitkutchin Indians,,
sh85090660,Nehalem people,Nehalem ,Nehalem Indians,Nehalem Tillamook Indians,,,,
sh85090953,Nespelim people,Nespelim ,Nespelim Indians,,,,,
sh85091192,Neutral Nation people,Neutral Nation ,Neutral Nation Indians,Attiwendaronk Indians,,,,
sh85091647,Nez Percé people,Nez Percé ,Nez Percé Indians,Chopunnish Indians,Nimapu Indians,Nimiipu Indians,Nimi'ipuu Indians,Nimipu Indians
sh2013002869,Niantic people,Niantic ,Niantic Indians,Nehântick Indians,Nehantucket Indians,,,
sh85091810,Nicoleño people,Nicoleño ,Nicoleño Indians,,,,,
sh85092007,Nipissing people,Nipissing ,Nipissing Indians,,,,,
sh85092009,Nipmuc people,Nipmuc ,Nipmuc Indians,Nipmuck Indians,,,,
sh85092021,Nisenan people,Nisenan ,Nisenan Indians,Nishinam Indians,,,,
sh85092030,Niska people,Niska ,Niska Indians,Nass River Indians,Nisgaa Indians,Nishga Indians,,
sh85092032,Nisqually people,Nisqually ,Nisqually Indians,Nisqualli Indians,,,,
sh95006607,Nobscusset people,Nobscusset ,Nobscusset Indians,Nobscussett Indians,Nobsquasitt Indians,Nobsquassit Indians,Nobsquissit Indians,
sh85092212,Nomlaki people,Nomlaki ,Nomlaki Indians,Noamlaki Indians,,,,
sh85092381,Nooksack people,Nooksack ,Nooksack Indians,Nootsak Indians,,,,
sh85092386,Nootka people,Nootka ,Nootka Indians,Aht Indians,Noutka Indians,Nutka Indians,Nuu-chah-nulth Indians,Nuuchahnulth Indians
sh85092441,Norridgewock people,Norridgewock ,Norridgewock Indians,Canabas Indians,Canibas Indians,Cannibas Indians,Kanibas Indians,Kennebec Indians
sh96007665,Northern Paiute people,Northern Paiute ,Northern Paiute Indians,Eastern Mono Indians,North Monoish Paiute Indians,Owens Valley Paiute Indians,Paviotso Indians,Surprise Valley Paiute Indians
sh85092925,Ntlakyapamuk people,Ntlakyapamuk ,Ntlakyapamuk Indians,Netlakapamuk Indians,Nlaka'pamux Indians,Nlhaʾkapmx Indians,Thompson Indians,Thompson River Indians
sh85093251,Numic people,Numic ,Numic Indians,Numa Indians,Plateau Shoshonean Indians,,,
sh85013029,Nuxalk people,Nuxalk ,Nuxalk Indians,Bilchula Indians,Bilqula Indians,Bilxula Indians,Nuhalk Indians,Nuxalkmc Indians
sh00002200,Occaneechi people,Occaneechi ,Occaneechi Indians,Acconeechy Indians,Aconichi Indians,Botshenins Indians,Occaneches Indians,Occanichi Indians
sh95004590,Off-reservation people,Off-reservation ,Off-reservation Indians,Non-reservation Indians,,,,
sh85094252,Oglala people,Oglala ,Oglala Indians,Ogallala Indians,Ogallala Sioux Indians,Ogallalla Indians,,
sh85033230,Ohlone people,Ohlone ,Ohlone Indians,Costano Indians,Costaños Indians,Costanoan Indians,,
sh85024423,Ojibwa people,Ojibwa ,Ojibwa Indians,Algic Indians,Anishinabe Indians,Bawichtigoutek Indians,Bungee Indians,Bungi Indians
sh85094461,Okanagan people,Okanagan ,Okanagan Indians,Okanagon Indians,Okanakan Indians,Okanogan Indians,Okinakan Indians,Okinaken Indians
sh85094665,Omaha people,Omaha ,Omaha Indians,,,,,
sh85094780,Oneida people,Oneida ,Oneida Indians,Oneota Indians (New York),Onneiout Indians,,,
sh85094788,Oneota people (Great Plains),Oneota  (Great Plains),Oneota Indians (Great Plains),,,,,
sh85094815,Onondaga people,Onondaga ,Onondaga Indians,Gannentaha Indians,,,,
sh85094848,Oohenonpa people,Oohenonpa ,Oohenonpa Indians,Two Kettle Indians,,,,
sh88001777,Oowekeeno people,Oowekeeno ,Oowekeeno Indians,Awikenox Indians,Awikyenoq Indians,O-wee-kay-no Indians,Oweekano Indians,Oweekayo Indians
sh85094864,Opata people,Opata ,Opata Indians,Opataice Indians,Ore Indians,Sorora Teguima Indians,Teguima Indians,Tequima Indians
sh85095861,Osage people,Osage ,Osage Indians,Wazhazhe Indians,,,,
sh85096040,Oto people,Oto ,Oto Indians,Otoe Indians,Ottoe Indians,,,
sh85096087,Ottawa people,Ottawa ,Ottawa Indians,Odawa Indians,Outaouak Indians,Tawa Indians,,
sh85003080,Paipai people,Paipai ,Paipai Indians,Akwaʾahle Indians,Awaʾala Indians,Pai Pai Indians,Akwaʾala Indians,
sh85096869,Paiute people,Paiute ,Paiute Indians,Pah-Ute Indians,Piute Indians,,,
sh85096958,Palaihnihan people,Palaihnihan ,Palaihnihan Indians,,,,,
sh85097261,Paloos people,Paloos ,Paloos Indians,Palouse Indians,Palus Indians,,,
sh85097300,Pamunkey people,Pamunkey ,Pamunkey Indians,,,,,
sh2009002835,Panamint people,Panamint ,Panamint Indians,Coso Indians,Koso Indians,Panamint Shoshone Indians,,
sh85098422,Pascagoula people,Pascagoula ,Pascagoula Indians,Miskigula Indians,,,,
sh85098494,Passamaquoddy people,Passamaquoddy ,Passamaquoddy Indians,,,,,
sh87005768,Patarabueye people,Patarabueye ,Patarabueye Indians,Chalombo Indians,Chalomo Indians,Concho Indians,Julimeno Indians,Pulico Indians
sh85098808,Patwin people,Patwin ,Patwin Indians,,,,,
sh86000262,Paugusset people,Paugusset ,Paugusset Indians,Paugussett Indians,,,,
sh85098887,Pawnee people,Pawnee ,Pawnee Indians,Pani Indians,,,,
sh86007624,Payaya people,Payaya ,Payaya Indians,Paia Indians,Paiaia Indians,Paialla Indians,Paiaya Indians,Payai Indians
sh00006496,Pee Dee people,Pee Dee ,Pee Dee Indians,Peadeas Indians,Pedee Indians,Pedees Indians,,
sh85099501,Pennacook people,Pennacook ,Pennacook Indians,Penacook Indians,Pennekook Indians,,,
sh85099566,Penobscot people,Penobscot ,Penobscot Indians,,,,,
sh85099660,Peoria people,Peoria ,Peoria Indians,,,,,
sh85099698,Pequawket people,Pequawket ,Pequawket Indians,Amiscogging Indians,Piggwacket Indians,Pigwacket Indians,,
sh85099700,Pequot people,Pequot ,Pequot Indians,,,,,
sh85101721,Piankashaw people,Piankashaw ,Piankashaw Indians,Piankeshaw Indians,,,,
sh85102041,Piegan people,Piegan ,Piegan Indians,Peigan Indians,Pikuni Indians,,,
sh85102169,Pima people,Pima ,Pima Indians,Akimel O'odham,Akimel O'otham,,,
sh85102176,Piman people,Piman ,Piman Indians,,,,,
sh85102441,Piro Pueblo people,Piro Pueblo ,Piro Pueblo Indians,Piro Indians (New Mexico),,,,
sh94005585,Piscataway people,Piscataway ,Piscataway Indians,Pascatacon Indians,Pascatowie Indians,Pascattaway Indians,Paschatoway Indians,Pascoticon Indians
sh85103643,Pocasset people,Pocasset ,Pocasset Indians,Fall River Indians,Troy Indians,,,
sh85104765,Pomo people,Pomo ,Pomo Indians,Kulanapan Indians,,,,
sh85104777,Ponca people,Ponca ,Ponca Indians,Ponka Indians,,,,
sh85105669,Potawatomi people,Potawatomi ,Potawatomi Indians,Pottawatamie Indians,Pottowatomie Indians,,,
sh85105688,Potomac people,Potomac ,Potomac Indians,Pataomecke Indians,Pataromecke Indians,Patawomeck Indians,Patawomeke Indians,Patomeck Indians
sh85106022,Powhatan people,Powhatan ,Powhatan Indians,,,,,
sh85108902,Pueblo people,Pueblo ,Pueblo Indians,,,,,
sh95006831,Puget Sound Salish people,Puget Sound Salish ,Puget Sound Salish Indians,Lushootseed Indians,North Puget Sound Salish Indians,Northern Puget Sound Salish Indians,South Puget Sound Salish Indians,Southern Coast Salish Indians
sh85109258,Puyallup people,Puyallup ,Puyallup Indians,,,,,
sh85109470,Quapaw people,Quapaw ,Quapaw Indians,Ogàxpa Indians,Ugaxpa Indians,,,
sh85109852,Quileute people,Quileute ,Quileute Indians,Quillayute Indians,Quillehute Indians,,,
sh85109870,Quinault people,Quinault ,Quinault Indians,Kwinaiult Indians,Quinaielt Indians,,,
sh85109882,Quinnipiac people,Quinnipiac ,Quinnipiac Indians,,,,,
sh85111433,Rappahannock people,Rappahannock ,Rappahannock Indians,,,,,
sh95006093,Reservation people,Reservation ,Reservation Indians,,,,,
sh85116238,Saclan people,Saclan ,Saclan Indians,Saklan Indians,,,,
sh86006253,Sakonnet people,Sakonnet ,Sakonnet Indians,Saconet Indians,Saconnet Indians,Seaconnet Indians,Seconet Indians,
sh85116760,Salinan people,Salinan ,Salinan Indians,Salina Indians,,,,
sh85116797,Salish people,Salish ,Salish Indians,Flathead Indians,,,,
sh85116802,Salishan people,Salishan ,Salishan Indians,Siwash Indians,,,,
sh85117025,Samish people,Samish ,Samish Indians,,,,,
sh85117310,Sanpoil people,Sanpoil ,Sanpoil Indians,,,,,
sh85117315,Sans Arc people,Sans Arc ,Sans Arc Indians,,,,,
sh85117400,Santee people,Santee ,Santee Indians,Eastern Sioux Indians,Flandreau Indians,Santee Sioux Indians,"Sioux Indians, Eastern",
sh85117437,Saone people,Saone ,Saone Indians,Sanona Indians,Sioune Indians,,,
sh96006587,Saponi people,Saponi ,Saponi Indians,Monasiccapano Indians,Monasukapanough Indians,Sapona Indians,Saponees Indians,Sapong Indians
sh85117590,Sarsi people,Sarsi ,Sarsi Indians,Sarcee Indians,Tsuu T'ina Indians,Tsuut'ina Indians,,
sh85117717,Sauk people,Sauk ,Sauk Indians,Sac Indians,,,,
sh85118038,Scaticook people,Scaticook ,Scaticook Indians,Pachgatgoch Indians,Pachgatgooch Indians,Patchgatgoch Indians,Scachtacook Indians,Schaghticoke Indians
sh93007722,Sechelt people,Sechelt ,Sechelt Indians,Nīciatl Indians,Seechelt Indians,Seshelt Indians,Sīciatl Indians,Siechelt Indians
sh91002063,Sekani people,Sekani ,Sekani Indians,,,,,
sh85119939,Seminole people,Seminole ,Seminole Indians,Seminoles,,,,
sh85119990,Seneca people,Seneca ,Seneca Indians,,,,,
sh2001004540,Senijextee people,Senijextee ,Senijextee Indians,Lake Indians,Lakes Indians,Sinatcheggs Indians,Sinuitskistux Indians,Sin Aikst Indians
sh85120321,Serrano people,Serrano ,Serrano Indians,People of the Pines Indians,Yuhaviatam Indians,,,
sh85120531,Sewee people,Sewee ,Sewee Indians,Sawé Indians,Seawas Indians,Seawee Indians,Sewoe Indians,
sh85120796,Shahaptian people,Shahaptian ,Shahaptian Indians,Sahaptin Indians,,,,
sh85022729,Shasta people,Shasta ,Shasta Indians,Chasta Indians,,,,
sh85121160,Shastan people,Shastan ,Shastan Indians,,,,,
sh85121176,Shawnee people,Shawnee ,Shawnee Indians,Pequea Indians,Piquaw Indians,Shawanese Indians,Shawanoe Indians,
sh85121487,Shinnecock people,Shinnecock ,Shinnecock Indians,,,,,
sh85122076,Shoshonean people,Shoshonean ,Shoshonean Indians,Shoshonian Indians,,,,
sh85122078,Shoshoni people,Shoshoni ,Shoshoni Indians,Shoshone Indians,Snake Indians,,,
sh85122087,Shoto people,Shoto ,Shoto Indians,,,,,
sh85122170,Shuswap people,Shuswap ,Shuswap Indians,Secwepemc Indians,Shushwap Indians,,,
sh85122418,Sihasapa people,Sihasapa ,Sihasapa Indians,Blackfeet Indians (Dakota),Blackfoot Indians (Dakota),,,
sh85122492,Siletz people,Siletz ,Siletz Indians,,,,,
sh00008614,Sinixt people,Sinixt ,Sinixt Indians,Arrow Lakes Indians,,,,
sh85122892,Sinkiuse-Columbia people,Sinkiuse-Columbia ,Sinkiuse-Columbia Indians,Columbia Indians,Isles de Pierres Indians,Middle Columbia Salish Indians,Sincayuse Indians,Sinkiuse Indians
sh85122894,Sinkyone people,Sinkyone ,Sinkyone Indians,Kaikoma Indians,,,,
sh85122942,Siouan people,Siouan ,Siouan Indians,,,,,
sh85123001,Sisseton people,Sisseton ,Sisseton Indians,,,,,
sh85123046,Siuslaw people,Siuslaw ,Siuslaw Indians,,,,,
sh85123090,Skagit people,Skagit ,Skagit Indians,,,,,
sh2018000205,Skilloot people,Skilloot ,Skilloot Indians,Caloait Indians,Calooit Indians,Caloort Indians,Chilook Indians,Hullooetell Indians
sh85123224,Skokomish people,Skokomish ,Skokomish Indians,Hokamish Indians,Kokomish Indians,Scocomish Indians,Skakabish Indians,Skakamish Indians
sh85123307,Slavey people,Slavey ,Slavey Indians,Awokanak Indians,Etchareottine Indians,Slave Indians,,
sh88007665,Snohomish people,Snohomish ,Snohomish Indians,,,,,
sh2001000768,Snoqualmie people,Snoqualmie ,Snoqualmie Indians,Snuqualmie Indians,,,,
sh2002007736,Snuneymuxw people,Snuneymuxw ,Snuneymuxw Indians,Nanaimo Indians,Snanaimux Indians,Sne Nay Muxw Indians,Sne ney mux Indians,Sneneymexw Indians
sh85123831,Sobaipuri people,Sobaipuri ,Sobaipuri Indians,Sabagui Indians,Sobaypuri Indians,,,
sh85124472,Sokoki people,Sokoki ,Sokoki Indians,Saco Indians,,,,
sh96003533,Southern Paiute people,Southern Paiute ,Southern Paiute Indians,Kaibab Paiute Indians,San Juan Paiute Indians,Shivwits Paiute Indians,Uinkarets Paiute Indians,
sh85126844,Spokane people,Spokane ,Spokane Indians,Spokan Indians,,,,
sh85127104,Squawmish people,Squawmish ,Squawmish Indians,Shwawmish Indians,Skaywamish Indians,Skgomic Indians,Skwawmish Indians,Squamish Indians
sh2006004628,Steilacoom people,Steilacoom ,Steilacoom Indians,Sastuck Indians,Segwallitchu Indians,Spanaway Indians,Steilacoomamish Indians,Steilakumamish Indians
sh85128136,Stillaquamish people,Stillaquamish ,Stillaquamish Indians,Stillaguamish Indians,,,,
sh85128211,Stockbridge people,Stockbridge ,Stockbridge Indians,Housatonic Indians,Housatunnuk Indians,Houssatonnoc Indians,,
sh85127286,Stó:lō people,Stó:lō ,Stó:lō Indians,Fraser River Indians,Fraser's River Indians,Halkomelem Indians,Lower Fraser Salish Indians,Stahlo Indians
sh85130705,Suquamish people,Suquamish ,Suquamish Indians,Soquamish Indians,Squamish Indians (Wash.),Squawmish Indians (Wash.),Sukwamish Indians,Suquahmish Indians
sh85130902,Susquehanna people,Susquehanna ,Susquehanna Indians,Susquehannock Indians,,,,
sh85131264,Swinomish people,Swinomish ,Swinomish Indians,,,,,
sh85131783,Tabeguache people,Tabeguache ,Tabeguache Indians,Uncompahgre Ute Indians,,,,
sh85131890,Taensa people,Taensa ,Taensa Indians,Taenca Indians,Taenso Indians,Taenza Indians,Tensa Indians,Tensagini Indians
sh89006889,Tagish people,Tagish ,Tagish Indians,,,,,
sh85131923,Tahltan people,Tahltan ,Tahltan Indians,,,,,
sh85132055,Takelma people,Takelma ,Takelma Indians,Takilman Indians,,,,
sh2001002476,Talapoosa people,Talapoosa ,Talapoosa Indians,Talabouchi Indians,Talapouche Indians,Talapuces Indians,Talapuche Indians,Tallapoosa Indians
sh85132248,Tanana people,Tanana ,Tanana Indians,Nabesnatana Indians,Tenankutchin Indians,Upper Tanana Indians,,
sh85132337,Tanoan people,Tanoan ,Tanoan Indians,,,,,
sh85132400,Taos people,Taos ,Taos Indians,,,,,
sh85132800,Tawakoni people,Tawakoni ,Tawakoni Indians,Tahwahcarro Indians,Towakarro Indians,,,
sh85133194,Teco people,Teco ,Teco Indians,Cuitlatecos,,,,
sh85133195,Tecuexe people,Tecuexe ,Tecuexe Indians,Tehuexe Indians,,,,
sh85133961,Tepecano people,Tepecano ,Tepecano Indians,,,,,
sh85133962,Tepehua people,Tepehua ,Tepehua Indians,Tepahue Indians,Tepagui Indians,Tepaguy Indians,Tepahui Indians,Tepave Indians
sh85133965,Tepehuan people,Tepehuan ,Tepehuan Indians,Odami Indians,Tepegua Indians,Tepeguana Indians,Tepeguane Indians,Tepehuana Indians
sh97004633,Tequesta people,Tequesta ,Tequesta Indians,Tegesta Indians,Tekesta Indians,Tequeste Indians,,
sh85134247,Tewa people,Tewa ,Tewa Indians,Tegua Indians,Tehua Indians,,,
sh85135366,Tillamook people,Tillamook ,Tillamook Indians,Kilamook Indians,Killamook Indians,Ntsietshaw Indians,Ntsietshawus Indians,Talamoh Indians
sh85135455,Timiskaming people,Timiskaming ,Timiskaming Indians,,,,,
sh85135480,Timucua people,Timucua ,Timucua Indians,Timuqua Indians,Utina Indians,,,
sh85135528,Tinne people,Tinne ,Tinne Indians,Déné Indians (Tinne),,,,
sh85135549,Tionontati people,Tionontati ,Tionontati Indians,Petun Indians,Tobacco Nation Indians,,,
sh85135331,Tiwa people,Tiwa ,Tiwa Indians,Tihua Indians,Tigua Indians,,,
sh85135681,Tlakluit people,Tlakluit ,Tlakluit Indians,Wishom Indians,Wishram Indians,,,
sh85135689,Tlingit people,Tlingit ,Tlingit Indians,Koloshi Indians,Koluschan Indians,Lingít Indians,Thlinket Indians,Thlinkithen Indians
sh85097543,Tohono O'odham people,Tohono O'odham ,Tohono O'odham Indians,Tohono O'otham Indians,Papago Indians,,,
sh85135902,Tolowa people,Tolowa ,Tolowa Indians,,,,,
sh85136003,Tonikan people,Tonikan ,Tonikan Indians,,,,,
sh85136006,Tonkawa people,Tonkawa ,Tonkawa Indians,Tonkawan Indians,,,,
sh85138313,Tsattine people,Tsattine ,Tsattine Indians,Beaver Indians,Dane-zaa Indians,Dreamer Indians,Dunne-za Indians,Dunneza Indians
sh86003436,Tsetsaut people,Tsetsaut ,Tsetsaut Indians,,,,,
sh85138324,Tsimshian people,Tsimshian ,Tsimshian Indians,,,,,
sh85138392,Tubatulabal people,Tubatulabal ,Tubatulabal Indians,,,,,
sh85138501,Tukkuthkutchin people,Tukkuthkutchin ,Tukkuthkutchin Indians,Upper Porcupine River Kutchin Indians,,,,
sh85138503,Tukuarika people,Tukuarika ,Tukuarika Indians,Sheep Eater Indians,Sheepeaters Indians,Tukudika Indians,,
sh85138509,Tulalip people,Tulalip ,Tulalip Indians,,,,,
sh85138636,Tunica people,Tunica ,Tunica Indians,Tonica Indians,Yoron Indians,,,
sh85138681,Tunxis people,Tunxis ,Tunxis Indians,,,,,
sh85138970,Tuscarora people,Tuscarora ,Tuscarora Indians,Touscarora Indians,Tuskara Indians,Tuskarora Indians,Tuskeruru Indians,
sh89006888,Tutchone people,Tutchone ,Tutchone Indians,Selkirk Indians,Tutchone Kutchin Indians,Tutchonekutchin Indians,,
sh85138989,Tutelo people,Tutelo ,Tutelo Indians,Katera Indians,Shateras Indians,,,
sh85138996,Tututni people,Tututni ,Tututni Indians,Dootoodn Indians,Rogue River Indians,,,
sh85139008,Twana people,Twana ,Twana Indians,Toanho Indians,Too-an-hooch Indians,,,
sh85139327,Uinta people,Uinta ,Uinta Indians,Uintah Indians,,,,
sh85139515,Umatilla people,Umatilla ,Umatilla Indians,,,,,
sh85139553,Umpqua people,Umpqua ,Umpqua Indians,Cow Creek Indians,Etnemitane Indians,Nahankhuotana Indians,,
sh2011000793,Unkechaug people,Unkechaug ,Unkechaug Indians,Onecchechaug Indians,Patchague Indians,Patchoag Indians,Patchogue Indians,Poospatuck Indians
sh85141600,Ute people,Ute ,Ute Indians,Nūche Indians,Uta Indians,,,
sh85141630,Uto-Aztecan people,Uto-Aztecan ,Uto-Aztecan Indians,,,,,
sh85144478,Vuntut Gwich'in people,Vuntut Gwich'in ,Vuntut Gwich'in Indians,Crow Flats Kutchin Indians,Crow River Kutchin Indians,Old Crow Indians,Vanta Kutchin Indians,Vunta Kutchin Indians
sh89000242,Waccamaw people,Waccamaw ,Waccamaw Indians,,,,,
sh85144495,Wachuset people,Wachuset ,Wachuset Indians,,,,,
sh85144497,Waco people,Waco ,Waco Indians,,,,,
sh85144817,Wahpekute people,Wahpekute ,Wahpekute Indians,Wahpacoota Indians,,,,
sh85144818,Wahpeton people,Wahpeton ,Wahpeton Indians,,,,,
sh85144824,Wailaki people,Wailaki ,Wailaki Indians,Pitch Indians,,,,
sh85144847,Wakashan people,Wakashan ,Wakashan Indians,,,,,
sh85144919,Walla Walla people,Walla Walla ,Walla Walla Indians,,,,,
sh85144975,Walpapi people,Walpapi ,Walpapi Indians,Woll-pah-pe Indians,,,,
sh85145062,Wamesit people,Wamesit ,Wamesit Indians,Pawtucket Indians,,,,
sh85145063,Wampanoag people,Wampanoag ,Wampanoag Indians,Massasoit Indians,Pokanoket Indians,,,
sh85145074,Wanapum people,Wanapum ,Wanapum Indians,Sokulk Indians,Wanapam Indians,,,
sh85145109,Wappinger people,Wappinger ,Wappinger Indians,Guilford Indians,Hammonassett Indians,Massacoe Indians,Menunkatuk Indians,Naugatuck Indians
sh85145111,Wappo people,Wappo ,Wappo Indians,Ashochimi Indians,Soteomellos Indians,Sotomieyos Indians,,
sh85145268,Warm Spring Apache people,Warm Spring Apache ,Warm Spring Apache Indians,Tcihene Indians,Warm Springs Apache Indians,,,
sh85145327,Wasco people,Wasco ,Wasco Indians,,,,,
sh85145397,Washoe people,Washoe ,Washoe Indians,Washoan Indians,Washo Indians,,,
sh2017004830,Watlala people,Watlala ,Watlala Indians,Cascade Indians,Cathlakaheckit Indians,Cathlathlala Indians,Clahclellah Indians,Gila'xicatck Indians
sh85145793,Wawenock people,Wawenock ,Wawenock Indians,Wawenoc Indians,Wawenok Indians,Weweenock Indians,Wewenoc Indians,
sh85145819,Wea people,Wea ,Wea Indians,,,,,
sh2015001878,Weapemeoc people,Weapemeoc ,Weapemeoc Indians,Yeopim Indians,,,,
sh85146069,Welsh people,Welsh ,Welsh Indians,,,,,
sh85146097,Wenatchi people,Wenatchi ,Wenatchi Indians,Awenatchela Indians,Pisquow Indians,Tsokwobe Indians,Wanoolchie Indians,Waratcha Indians
sh85146104,Wenrohronon people,Wenrohronon ,Wenrohronon Indians,Wenro Indians,,,,
sh89004698,Western Apache people,Western Apache ,Western Apache Indians,Aravaipa Indians,Coyotera Indians,Coyotero Indians,,
sh93004426,Wet'suwet'en people,Wet'suwet'en ,Wet'suwet'en Indians,Bulkley Carrier Indians,Bulkley River Carrier Indians,Hwitsowitenne Indians,Hwotsu'tinni Indians,Witsuwit'en Indians
sh95007258,White Mountain Apache people,White Mountain Apache ,White Mountain Apache Indians,Sierra Blanca Indians,,,,
sh85146582,Wichita people,Wichita ,Wichita Indians,Quivira Indians,,,,
sh2002009111,Wiechquaeskeck people,Wiechquaeskeck ,Wiechquaeskeck Indians,Wechquaesgeek Indians,Wecquaesgeek Indians,Wickquaskeek Indians,Wiequaskeck Indians,Wiquaeskeck Indians
sh85146842,Wiminuche people,Wiminuche ,Wiminuche Indians,Ute Mountain Ute Indians,Weeminuche Indians,,,
sh85147016,Winnebago people,Winnebago ,Winnebago Indians,Nipegon Indians,Puant Indians,Winebago Indians,,
sh89003678,Wintu people,Wintu ,Wintu Indians,,,,,
sh85147053,Wintun people,Wintun ,Wintun Indians,Copehan Indians,Winiun Indians,Wintoon Indians,,
sh85147194,Wiyot people,Wiyot ,Wiyot Indians,Humboldt Bay Indians,Kowlith Indians,Viard Indians,Waiyat Indians,Weeyot Indians
sh85147950,Woodland people,Woodland ,Woodland Indians,Eastern Woodland Indians,,,,
sh85148695,Wyam people,Wyam ,Wyam Indians,Des Chutes Indians,Waiam Indians,Wiam Indians,,
sh85063182,Wyandot people,Wyandot ,Wyandot Indians,Guyandot Indians,Wanat Indians,Wandot Indians,Weinondot Indians,Wendat Indians
sh85148914,Yahuskin people,Yahuskin ,Yahuskin Indians,,,,,
sh85148920,Yakama people,Yakama ,Yakama Indians,Yakima Indians,,,,
sh85148962,Yamassee people,Yamassee ,Yamassee Indians,Yamacraw Indians,,,,
sh85148975,Yampa people,Yampa ,Yampa Indians,Grand River Ute Indians,,,,
sh85148977,Yana people,Yana ,Yana Indians,Yahi Indians,,,,
sh85148997,Yankton people,Yankton ,Yankton Indians,,,,,
sh85148998,Yanktonai people,Yanktonai ,Yanktonai Indians,Yanktonnai Indians,,,,
sh85149014,Yaqui people,Yaqui ,Yaqui Indians,Hiaque Indians,Hiaqui Indians,,,
sh2007002304,Yazoo people,Yazoo ,Yazoo Indians,,,,,
sh85149198,Yokayo people,Yokayo ,Yokayo Indians,Ukiah Indians,Yokaia Indians,,,
sh85149206,Yokuts people,Yokuts ,Yokuts Indians,Mariposa Indians,Mariposan Indians,,,
sh85149220,Yoncalla people,Yoncalla ,Yoncalla Indians,Yomkallie Indians,Yonkalla Indians,,,
sh85149430,Yuchi people,Yuchi ,Yuchi Indians,Chisca Indians,Euchee Indians,Uchean Indians,Uchee Indians,Uchi Indians
sh85149497,Yuki people,Yuki ,Yuki Indians,Yukai Indians,Yukeh Indians,Yukian Indians,,
sh85149505,Yuma people,Yuma ,Yuma Indians,Cuchan Indians,Cuichana Indians,Cutgana Indians,Kwichan Indians,Quechan Indians
sh85149509,Yuman people,Yuman ,Yuman Indians,,,,,
sh85149522,Yurok people,Yurok ,Yurok Indians,Euroc Indians,Weithspeh Indians,Weithspek Indians,,
sh85122184,Zia people,Zia ,Zia Indians,Sia Indians,,,,
sh85150060,Zuni people,Zuni ,Zuni Indians,Zuñian Indians,,,,
