LCSH URI,LCSH Label,LCSH Variant Labels,Wikidata URI,Wikidata Label
http://id.loc.gov/authorities/subjects/sh85000176,Abenaki Indians,Kennebec Indians;Tarratine Indians;Wabanaki Indians;Abnaki Indians,http://www.wikidata.org/entity/Q318806,Abenaki people
http://id.loc.gov/authorities/subjects/sh85000165,Abitibi Indians,Abittibi Indians,,
http://id.loc.gov/authorities/subjects/sh85000341,Acaxee Indians,,,
http://id.loc.gov/authorities/subjects/sh85000508,Achomawi Indians,Achumawi Indians,http://www.wikidata.org/entity/Q341185,Achomawi
http://id.loc.gov/authorities/subjects/sh85000568,Acoma Indians,,,
http://id.loc.gov/authorities/subjects/sh85002510,Aguas Calientes Indians,Aguascalientes Indians;Agua Caliente Indians,,
http://id.loc.gov/authorities/subjects/sh85002536,Ahtena Indians,Ahtinné Indians;Atnah Indians;Atnatana Indians;Yellow Knives (Indians),,
http://id.loc.gov/authorities/subjects/sh85003493,Alabama Indians,Alibamu Indians,,
http://id.loc.gov/authorities/subjects/sh85003482,Algonquian Indians,Algonkian Indians,,
http://id.loc.gov/authorities/subjects/sh85003480,Algonquin Indians,Algonkine Indians;Algonkinska Indians;Algonquine Indians;Algonkin Indians,,
http://id.loc.gov/authorities/subjects/sh85003854,Alsea Indians,,,
http://id.loc.gov/authorities/subjects/sh85005883,Apache Indians,Diné Indians (Apache),,
http://id.loc.gov/authorities/subjects/sh85005891,Apalachee Indians,Appalachian Indians,,
http://id.loc.gov/authorities/subjects/sh85005893,Apalachicola Indians,Appalachicola Indians;Blount Indians;Blunt Indians,,
http://id.loc.gov/authorities/subjects/sh85006422,Arapaho Indians,Arapahoe Indians,,
http://id.loc.gov/authorities/subjects/sh85007149,Arikara Indians,Arickara Indians;Arickaree Indians;Ree Indians,,
http://id.loc.gov/authorities/subjects/sh85007407,Arosaguntacook Indians,Amarascogin Indians;Amerescoggin Indians;Anasagunticook Indians;Androscoggin Indians;Bescommonconty Indians,,
http://id.loc.gov/authorities/subjects/sh85008755,Assateague Indians,Asseteague Indians,,
http://id.loc.gov/authorities/subjects/sh85008794,Assiniboine Indians,Nakota Indians;Stoney Indians;Stony Indians;Assiniboin Indians,,
http://id.loc.gov/authorities/subjects/sh85009376,Atakapa Indians,Akokisa Indians;Attakapa Indians;Skunnemoke Indians;Yuk'hitiishak Indians;Attacapa Indians,,
http://id.loc.gov/authorities/subjects/sh85009107,Athapascan Indians,Athabascan Indians;Athabaskan Indians;Athapaskan Indians,,
http://id.loc.gov/authorities/subjects/sh85134172,Atikamekw Indians,Atikamek Indians;Attikamekw Indians;Attimewk Indians;Tête-de-Boule Indians;Têtes de Boule Indians;Attikamek Indians,,
http://id.loc.gov/authorities/subjects/sh85009372,Atsugewi Indians,,http://www.wikidata.org/entity/Q757788,Atsugewi
http://id.loc.gov/authorities/subjects/sh85010674,Azteco-Tanoan Indians,,,
http://id.loc.gov/authorities/subjects/sh85011677,Bannock Indians,,,
http://id.loc.gov/authorities/subjects/sh85012108,Basket-Maker Indians,Basketmaker Indians,,
http://id.loc.gov/authorities/subjects/sh91001983,Bearlake Indians,Bear Lake Indians;Great Bear Lake Indians;Sahtu Dene Indians;Sahtúot'dine Indians;Satudene Indians,,
http://id.loc.gov/authorities/subjects/sh85013248,Beothuk Indians,Beothikan Indians;Beothukan Indians;Red Indians of Newfoundland,,
http://id.loc.gov/authorities/subjects/sh85014072,Biloxi Indians,,,
http://id.loc.gov/authorities/subjects/sh85015203,Bocootawwonauke Indians,,,
http://id.loc.gov/authorities/subjects/sh85017232,Brotherton Indians,Brothertown Indians;Nientken Indians;Wapanachki Indians,,
http://id.loc.gov/authorities/subjects/sh85017309,Brulé Indians,,,
http://id.loc.gov/authorities/subjects/sh85018617,Caddo Indians,,,
http://id.loc.gov/authorities/subjects/sh85018620,Caddoan Indians,,,
http://id.loc.gov/authorities/subjects/sh85018697,Cahita Indians,Caita Indians;Taracahitan Indians;Topia Indians,,
http://id.loc.gov/authorities/subjects/sh85018699,Cahuilla Indians,Coahuila Indians;Cohuilla Indians;Kawia Indians (Shoshoneans),http://www.wikidata.org/entity/Q547748,Cahuilla people
http://id.loc.gov/authorities/subjects/sh85019038,Calusa Indians,Caloosa Indians;Cape Florida Indians;Kaloosas Indians;Kalusa Indians,,
http://id.loc.gov/authorities/subjects/sh95000899,Campo Indians,,,
http://id.loc.gov/authorities/subjects/sh85019994,Capote Indians,,,
http://id.loc.gov/authorities/subjects/sh85020468,Carrier Indians,Takulli Indians,,
http://id.loc.gov/authorities/subjects/sh85020961,Catawba Indians,Kataba Indians,,
http://id.loc.gov/authorities/subjects/sh2017004946,Cathlamet Indians,Catelamet Indians;Cath Camettes Indians;Cathelametts Indians;Cathlamah Indians;Cath-la-mas Indians;Cathlamats Indians;Cathlamuts Indians;Cathlamux Indians;Cathlawah Indians;Cathlumet Indians;Catlahmas Indians;Cuthlamuhs Indians;Cuthlamuks Indians;Guasámas Indians;Guithlamethl Indians;Kat-hlámet Indians;Kathlamet Indians;Kathlamit Indians;Kathlamut Indians;Kathlemit Indians;Katlamak Indians;Katlāmat Indians;Katlammets Indians;Kwillu'chini Indians;Kwillu'chinl Indians,,
http://id.loc.gov/authorities/subjects/sh85021559,Cayuga Indians,Gueugwehono Indians;Kayohkhó·nỏ Indians;Kayokwehó·nỏ Indians,,
http://id.loc.gov/authorities/subjects/sh85021562,Cayuse Indians,,,
http://id.loc.gov/authorities/subjects/sh85021564,Cazcan Indians,Caxcan Indians,,
http://id.loc.gov/authorities/subjects/sh94004715,Chastacosta Indians,Chasta Costa Indians;Shasta Costa Indians,,
http://id.loc.gov/authorities/subjects/sh85022859,Chehalis Indians,,,
http://id.loc.gov/authorities/subjects/sh95009474,Chelan Indians,Tsill-ane Indians,,
http://id.loc.gov/authorities/subjects/sh96003851,Chemakum Indians,Ahwakilu Indians;Chemakeem Indians;Chemakeum Indians;Chemekem Indians;Chimakem Indians;Chimakum Indians;Chimikum Indians;Tsemakum Indians;Tsemakun Indians,,
http://id.loc.gov/authorities/subjects/sh85022885,Chemehuevi Indians,,,
http://id.loc.gov/authorities/subjects/sh85023065,Cheraw Indians,Saura Indians,,
http://id.loc.gov/authorities/subjects/sh89004882,Cheroenhaka Indians,Nadawa Indians;Nottoway Indians;Nottaway Indians,,
http://id.loc.gov/authorities/subjects/sh85023080,Cherokee Indians,,,
http://id.loc.gov/authorities/subjects/sh85023166,Chetco Indians,Chetkoe Indians,,
http://id.loc.gov/authorities/subjects/sh85023188,Cheyenne Indians,Suhtai Indians;Suhtaio Indians;TsisTsisTsas Indians;Tsitsistas Indians,,
http://id.loc.gov/authorities/subjects/sh85023284,Chickasaw Indians,Chicachas Indians;Chicasa Indians;Chichacha Indians;Chickesaw Indians;Chikasaw Indians,,
http://id.loc.gov/authorities/subjects/sh85138321,Chilcotin Indians,Tsilhqot'in Indians;Tsilkotin Indians,,
http://id.loc.gov/authorities/subjects/sh85023932,Chilkat Indians,,,
http://id.loc.gov/authorities/subjects/sh85023937,Chilliwack Indians,Chilliwhack Indians,,
http://id.loc.gov/authorities/subjects/sh85023947,Chilula Indians,,http://www.wikidata.org/entity/Q5099254,Chilula people
http://id.loc.gov/authorities/subjects/sh85023954,Chimariko Indians,,http://www.wikidata.org/entity/Q3557450,Chimariko
http://id.loc.gov/authorities/subjects/sh85023964,Chimmesyan Indians,,,
http://id.loc.gov/authorities/subjects/sh85024396,Chinook Indians,,,
http://id.loc.gov/authorities/subjects/sh85024403,Chinookan Indians,,,
http://id.loc.gov/authorities/subjects/sh85024416,Chipewyan Indians,Chepewyan Indians;Dene Indians (Chipewyan),,
http://id.loc.gov/authorities/subjects/sh95010346,Chiricahua Indians,Bedonkohes Indians;Chihennes Indians;Chiricahua Apache Indians;Chokonen Indians;Nednis Indians,,
http://id.loc.gov/authorities/subjects/sh85024491,Chitimacha Indians,Chitimachan Indians;Shetimasha Indians,,
http://id.loc.gov/authorities/subjects/sh85024609,Choctaw Indians,,,
http://id.loc.gov/authorities/subjects/sh85024694,Choptank Indians,,,
http://id.loc.gov/authorities/subjects/sh2016001805,Chowanoc Indians,Chawanock Indians;Chawanook Indians;Chawonack Indians;Chawoncack Indians;Chawonest Indians;Chawonock Indians;Chawonok Indians;Chawoon Indians;Chawwonock Indians;Chawwonoke Indians;Choan Indians;Choanist Indians;Chowah Indians;Chowan Indians;Chowane Indians;Chowanoac Indians;Chowanoake Indians;Chowanocke Indians;Chowanok Indians;Chowanoke Indians;Chowou Indians;Chuwon Indians;Shawan Indians,,
http://id.loc.gov/authorities/subjects/sh85025489,Chumash Indians,Santa Barbara Indians;Ventureno Chumashan Indians;Chumashan Indians,http://www.wikidata.org/entity/Q24251468,Chumash people
http://id.loc.gov/authorities/subjects/sh98006965,Cibecue Apache Indians,Canyon Creek Apache Indians;Carrizo Apache Indians,,
http://id.loc.gov/authorities/subjects/sh85026509,Clackamas Indians,Clackama Indians,,
http://id.loc.gov/authorities/subjects/sh85026541,Clallam Indians,Klallam Indians,,
http://id.loc.gov/authorities/subjects/sh2017003425,Clatsop Indians,Calt-sops Indians;Chatsops Indians;Cladsaps Indians;Clap-sott Indians;Clasaps Indians;Classops Indians;Clastops Indians;Clât.sap's Indians;Clatsaps Indians;Clatstops Indians;Clatsup Indians;Klaat-sop Indians;Klatraps Indians;Klatsaps Indians;Klatsops Indians;Lā'k!ēlak Indians;Lā'k!ēlaq Indians;Latsop Indians;Satchap Indians;Tlatsap Indians;Tschlahtsoptschs Indians,,
http://id.loc.gov/authorities/subjects/sh85026879,Clayoquot Indians,Claiakwat Indians;Ilaoquatsh Indians;Klahoquaht Indians;Tlaoquatsh Indians,,
http://id.loc.gov/authorities/subjects/sh85027305,Coahuiltecan Indians,Coahuilteco Indians,,
http://id.loc.gov/authorities/subjects/sh85027429,Coast Salish Indians,Salish Coastal Indians,http://www.wikidata.org/entity/Q1755154,Coast Salish peoples
http://id.loc.gov/authorities/subjects/sh85027556,Coca Indians,,,
http://id.loc.gov/authorities/subjects/sh85027585,Cochiti Indians,,,
http://id.loc.gov/authorities/subjects/sh85027633,Cocopa Indians,Cocapa Indians;Cocapah Indians;Cocopah Indians;Cucapá Indians;Cucupa Indians;Kikima Indians;Kwapa Indians;Kwikapa Indians,,
http://id.loc.gov/authorities/subjects/sh85123215,Coeur d'Alene Indians,Coeur d' Alene Indians;Coeur d' Alenes;Coeur d'Alenes;Schitsue Indians;Schitsu'ukmsh Indians;Schitsu'Umish Indians;Schitsu'umsh Indians;Skitwish Indians;Skitztsu Indians;Skizoumish Indians;Skitswish Indians,,
http://id.loc.gov/authorities/subjects/sh85028774,Colville Indians,,,
http://id.loc.gov/authorities/subjects/sh85028785,Comanche Indians,Camanche Indians;Commanche Indians;Näumi Indians;Nemene Indians;Nerm Indians;Nerme Indians;Nermernuh Indians;Nimenim Indians;Niuni Indians;Niyuna Indians;Numa Indians;Numu Nu Indians,,
http://id.loc.gov/authorities/subjects/sh85029277,Comox Indians,Catloltx Indians;Sliammon Indians,http://www.wikidata.org/entity/Q1406599,Comox people
http://id.loc.gov/authorities/subjects/sh85030821,Conestoga Indians,,,
http://id.loc.gov/authorities/subjects/sh85031211,Conoy Indians,,,
http://id.loc.gov/authorities/subjects/sh85032248,Coos Indians,Kusan Indians,,
http://id.loc.gov/authorities/subjects/sh00002196,Coosa Indians,Coosah Indians;Coosaw Indians;Cosah Indians;Kissah Indians;Koosoe Indians;Okfuskee Indians,,
http://id.loc.gov/authorities/subjects/sh85032503,Coquille Indians,Coquelle Indians;Miluk Indians;Mishikhwutmetunne Indians;Mulluk Indians;Nasami Indians,,
http://id.loc.gov/authorities/subjects/sh85032505,Cora Indians,Ateanaca Indians;Chora Indians;Chota Indians;Coraice Indians;Muutzicat Indians;Nayarit Indians;Nayit Indians;Teacuacitzia Indians;Teacuaeitzica Indians,,
http://id.loc.gov/authorities/subjects/sh94007901,Coree Indians,Caranine Indians;Coramine Indians;Coranine Indians;Corees Indians;Cores Indians;Cwarennoc Indians,,
http://id.loc.gov/authorities/subjects/sh85033649,Cowichan Indians,,,
http://id.loc.gov/authorities/subjects/sh85033655,Cowlitz Indians,,,
http://id.loc.gov/authorities/subjects/sh85033881,Cree Indians,,,
http://id.loc.gov/authorities/subjects/sh85033891,Creek Indians,Maskoki Indians;Muscogee Indians;Muskogee Indians;Muskoki Indians;Mvskoke Indians;Mvskokvlke,,
http://id.loc.gov/authorities/subjects/sh85034326,Crow Indians,Absahrokee Indians;Absaroka Indians;Apsaalooke Indians;Apsaroke Indians,,
http://id.loc.gov/authorities/subjects/sh85034823,Cupeño Indians,,http://www.wikidata.org/entity/Q1257154,Cupeño people
http://id.loc.gov/authorities/subjects/sh85035484,Dakota Indians,Nadowessioux Indians;Naudowessie Indians;Nawdowissnee Indians;Sioux Indians;Wahpakoota Sioux Indians,,
http://id.loc.gov/authorities/subjects/sh2018000469,Dakubetede Indians,Applegate Athapascan Indians;Applegate Creek Indians;Applegate Indians;Applegate River Indians;Da'-ku-be te'-de Indians;Do-dah-ho Indians;Etch-kah-taw-wah Indians;Nabiltse Indians;Ni'ckitc Hitclum Indians;Ts'u-qus-li'-qwut-me'tunne Indians,,
http://id.loc.gov/authorities/subjects/sh85066337,Deg Hit'an Indians,Dena Indians;Inkalik Indians;Ten'a Indians;Ingalik Indians,,
http://id.loc.gov/authorities/subjects/sh85036546,Delaware Indians,Lenape Indians;Lenni Lenape Indians;Linapi Indians,,
http://id.loc.gov/authorities/subjects/sh85132242,Dena'ina Indians,Denaina Indians;Knaiakhotana Indians;Tanaina Indians;Tanai Indians,,
http://id.loc.gov/authorities/subjects/sh98002411,Dene Thá Indians,Dene Dhaá Indians;Dene Dhah Indians;Desnedeyarelottine Indians;Echellaotunna Indians;Etchaotinne Indians;Etchaottine Indians;Etchesottine Indians;Ettchaotinne Indians,,
http://id.loc.gov/authorities/subjects/sh85037442,Dhegiha Indians,,,
http://id.loc.gov/authorities/subjects/sh85037776,Diegueño Indians,Kwaaymi Indians;Tipai Indians,,
http://id.loc.gov/authorities/subjects/sh00001547,Ditidaht Indians,Nitinaht Indians,,
http://id.loc.gov/authorities/subjects/sh85134919,Dogrib Indians,Dog Rib Indians;Flancs-de-Chien Indians;Plats-Côtes-de Chien Indians;Tli Cho Indians;Tlicho Indians;Thlingchadinne Indians,,
http://id.loc.gov/authorities/subjects/sh85039893,Dudley Indians,,,
http://id.loc.gov/authorities/subjects/sh85040175,Duwamish Indians,Dwamish Indians,,
http://id.loc.gov/authorities/subjects/sh2013001840,Eno Indians,Haynoke Indians;Oenock Indians,,
http://id.loc.gov/authorities/subjects/sh95009478,Entiat Indians,Intietooks Indians;Sintiatqkumuhs Indians,,
http://id.loc.gov/authorities/subjects/sh85044624,Erie Indians,,,
http://id.loc.gov/authorities/subjects/sh85044872,Esopus Indians,Soopus Indians;Sopus Indians,,
http://id.loc.gov/authorities/subjects/sh2002005405,Esselen Indians,Aschatlien Indians;Ecclemach Indians;Ecselen Indians;Ensen Indians;Esken Indians;Eslen Indians;Esselene Indians;Esseleneijan Indians;Esselenian Indians;Excellemak Indian,,
http://id.loc.gov/authorities/subjects/sh85046638,Eyak Indians,,,
http://id.loc.gov/authorities/subjects/sh85051119,Fox Indians,Meskwaki Indians;Muskwaki Indians;Musquakie Indians;Outagami Indians;Mesquakie Indians,,
http://id.loc.gov/authorities/subjects/sh85052669,Gabrielino Indians,Kij Indians;Kizh Indians;Tobikhar Indians;Tongva Indians;Gabrieleño Indians,http://www.wikidata.org/entity/Q1479279,Tongva people
http://id.loc.gov/authorities/subjects/sh2018001519,Galice Indians,Galeese Creek Indians;Galice Creek Indians;Galleace Creek Indians;Gleese Cleek Indians;Grease Creek Indians;Kû-līs'-kite hītc'lûm Indians;Tal'-tac tunnĕ Indians;Tal-t'ûc tûn tû'-de Indians;Taltuctuntede Indians;Taltushtuntede Indians;Taltushtuntude Indians;Tançl'-tăc tûnnĕ Indians,,
http://id.loc.gov/authorities/subjects/sh85053579,Gay Head Indians,,,
http://id.loc.gov/authorities/subjects/sh85072584,Gitxsan Indians,Giklsan Indians;Gitsenimx Indians;Gitxsen Indians;Gityskyan Indians;Gyitkshan Indians;Hazelton Indians;Nass-Gitksan Indians;Kitksan Indians;Gitksan Indians,,
http://id.loc.gov/authorities/subjects/sh85055978,Gosiute Indians,Goshute Indians,,
http://id.loc.gov/authorities/subjects/sh85009370,Gros Ventre Indians (Montana),A'ani Indians;A'aninin Indians;Fall Indians;Gros Ventres Indians (Montana);Grosventre Indians (Montana);Grosventres Indians (Montana);White Clay People;Atsina Indians,,
http://id.loc.gov/authorities/subjects/sh87007004,Guale Indians,,,
http://id.loc.gov/authorities/subjects/sh85073509,Gwich'in Indians,Gwitchin Indians;Loucheux Indians;Kutchin Indians,,
http://id.loc.gov/authorities/subjects/sh85058177,Hackensack Indians,,,
http://id.loc.gov/authorities/subjects/sh85058279,Haida Indians,Skittagetan Indians,,
http://id.loc.gov/authorities/subjects/sh85058339,Haisla Indians,Kitamat Indians;Kitimat Indians;Kitlope Indians,,
http://id.loc.gov/authorities/subjects/sh00002170,Halchidhoma Indians,Alchedoma Indians;Halchedoma Indians;Halchedun Indians;Halchidoma Indians;Jalchedun Indians,,
http://id.loc.gov/authorities/subjects/sh95007863,Han Indians,Hankutchin Indians;Tr'ondëk Hwëch'in Indians,,
http://id.loc.gov/authorities/subjects/sh85059245,Hasinai Indians,,,
http://id.loc.gov/authorities/subjects/sh85059328,Havasupai Indians,Supai Indians,,
http://id.loc.gov/authorities/subjects/sh85013032,Heiltsuk Indians,Bella Bella Indians;Haeltzuk Indians;Hailtsa Indians;Heiltsuq Indians;Hiletsuk Indians;Bellabella Indians,,
http://id.loc.gov/authorities/subjects/sh2017005293,Hia-Ced O'odham Indians,Areneño Indians;Hia C-ed O'odham Indians;People from the Sand Indians;Sand Papago Indians,,
http://id.loc.gov/authorities/subjects/sh85060626,Hidatsa Indians,Gros Ventre Indians (Siouan);Gros Ventres Indians (Siouan);Grosventre Indians (Siouan);Grosventres Indians (Siouan);Minitaree Indians;Minnetaree Indians,,
http://id.loc.gov/authorities/subjects/sh2004006013,Ho Chunk Indians,Hocak Indians;Hocank Indians;Hochangara Indians;Hochank Indians;Hochunk Indians;Nipegon Indians;Puant Indians;Winnebago Indians--Wisconsin;Winnebago Indians;Wisconsin,,
http://id.loc.gov/authorities/subjects/sh85061933,Hopi Indians,Moki Indians;Moqui Indians;Tusayan Indians,,
http://id.loc.gov/authorities/subjects/sh85062524,Houma Indians,Huma Indians;Ouma Indians,,
http://id.loc.gov/authorities/subjects/sh85062726,Hualapai Indians,Hualapi Indians;Walapai Indians;Walapi Indians,,
http://id.loc.gov/authorities/subjects/sh2002007751,Hul'qumi'num Indians,Island Halkomelem Indians,,
http://id.loc.gov/authorities/subjects/sh85063092,Hunkpapa Indians,Unc Papa Indians;Uncpapa Indians;Uncpappa Indians;Unkpapa Dakota Indians;Unkpapa Indians,,
http://id.loc.gov/authorities/subjects/sh85063161,Hupa Indians,Hoopa Indians;Hoopah Indians,,
http://id.loc.gov/authorities/subjects/sh85064317,Illinois Indians,,,
http://id.loc.gov/authorities/subjects/sh2014001892,Innu Indians,Montagnais and Naskapi Indians,,
http://id.loc.gov/authorities/subjects/sh85067858,Iowa Indians,Ioway Indians,,
http://id.loc.gov/authorities/subjects/sh85068258,Iroquoian Indians,,,
http://id.loc.gov/authorities/subjects/sh85068260,Iroquois Indians,Agoneaseah Indians;Massawomeke Indians;Mengwe Indians,,
http://id.loc.gov/authorities/subjects/sh85068622,Isleta Indians,,,
http://id.loc.gov/authorities/subjects/sh85069879,Jemez Indians,,,
http://id.loc.gov/authorities/subjects/sh85070522,Jicarilla Indians,Jicarilla Apache Indians,,
http://id.loc.gov/authorities/subjects/sh85070825,Juaneño Indians,Acagchemin Indians,http://www.wikidata.org/entity/Q28842834,Juaneño
http://id.loc.gov/authorities/subjects/sh85070995,Jumano Indians,,,
http://id.loc.gov/authorities/subjects/sh85071290,Kainah Indians,Blood Indians,,
http://id.loc.gov/authorities/subjects/sh85071330,Kalapuya Indians,Calapooiah Indians;Calapooya Indians;Calapooyan Indians;Calapuya Indians;Kalapooiah Indians;Kalapooian Indians;Lukamiute Indians;Santiam Indians;Wapatu Indians;Willamot Indians;Kalapuyan Indians,,
http://id.loc.gov/authorities/subjects/sh85071350,Kalispel Indians,Pend d'Oreille Indians,,
http://id.loc.gov/authorities/subjects/sh85071406,Kamia Indians,Comeya Indians;Kumeyaay Indians;Kumiai Indians,http://www.wikidata.org/entity/Q2143064,Kumeyaay people
http://id.loc.gov/authorities/subjects/sh85071505,Kansa Indians,Kansas Indians;Kanza Indians;Kaw Indians,,
http://id.loc.gov/authorities/subjects/sh85071604,Karankawa Indians,Carancahua Indians;Clamcoët Indians;Karankawan Indians,,
http://id.loc.gov/authorities/subjects/sh85071664,Karok Indians,Karuk Indians,,
http://id.loc.gov/authorities/subjects/sh85071696,Kashaya Indians,,,
http://id.loc.gov/authorities/subjects/sh85071712,Kaska Indians,,,
http://id.loc.gov/authorities/subjects/sh85071714,Kaskaskia Indians,,,
http://id.loc.gov/authorities/subjects/sh85071744,Kato Indians,,,
http://id.loc.gov/authorities/subjects/sh85071777,Kawaiisu Indians,,,
http://id.loc.gov/authorities/subjects/sh85071789,Kawchottine Indians,Hare Indians;Kawchodinne Indians;Peaux-de-Lièvres Indians,,
http://id.loc.gov/authorities/subjects/sh85071843,Keeche Indians,,,
http://id.loc.gov/authorities/subjects/sh85072050,Keresan Indians,,,
http://id.loc.gov/authorities/subjects/sh2015000364,Kewa Indians,Kewa Pueblo Indians;Santo Domingo Indians,,
http://id.loc.gov/authorities/subjects/sh85072114,Keyauwee Indians,Keawee Indians;Keeawawe Indians;Keeowee Indians,,
http://id.loc.gov/authorities/subjects/sh85072238,Kickapoo Indians,Kiikaapoa Indians;Kiikaapoi Indians;Kikapoo Indians;Kikapú Indians,,
http://id.loc.gov/authorities/subjects/sh85072321,Kiliwa Indians,Kiliwi Indians,,
http://id.loc.gov/authorities/subjects/sh85072493,Kiowa Apache Indians,"Apache Indians, Kiowa;Apache Indians, Plains;Bay-ca-yeh Indians;Kataka Indians;Khat-tleen-deh Indians;Naʼisha Indians;Naishan Dene Indians;Plains Apache Indians",,
http://id.loc.gov/authorities/subjects/sh85072494,Kiowa Indians,Cáuigú Indians;Kiowan Indians,,
http://id.loc.gov/authorities/subjects/sh85072594,Kitwancool Indians,Kitwinskole Indians,,
http://id.loc.gov/authorities/subjects/sh85072606,Kiyuksa Indians,Wa-ha-shaw Indians,,
http://id.loc.gov/authorities/subjects/sh85072618,Klamath Indians,Muckaluck Indians,,
http://id.loc.gov/authorities/subjects/sh85072638,Klikitat Indians,Klicatat Indians;Klickataats Indians;Klickatates Indians;Klickatats Indians;Klickitats Indians,,
http://id.loc.gov/authorities/subjects/sh85072752,Koasati Indians,Coshatta Indians;Coushatta Indians,,
http://id.loc.gov/authorities/subjects/sh2016000332,Konkow Indians,Concow Indians;Concow Maidu Indians;Kojo:mk'awi Indians;Konkow Maidu Indians;Northwestern Maidu Indians,,
http://id.loc.gov/authorities/subjects/sh85073511,Kootenai Indians,Asánʾka Indians;Cootenai Indians;Flatbow Indians;Kinbasket Indians;Kitunahan Indians;Koetenay Indians;Kootenay Indians;Ktunaxa Indians;Kúspělu Indians;Sánʾka Indians;Shalsāʹulk Indians;Skalzi Indians;Skelsá-ulk Indians;Slender Bow Indians;Kutenai Indians,,
http://id.loc.gov/authorities/subjects/sh85073215,Koyukon Indians,Dena Indians;Denaakk'e Indians;Khotana Indians;Koyukuk Indians;Koyukukkhotana Indians;Ten'a Indians,,
http://id.loc.gov/authorities/subjects/sh85073378,Kuitsh Indians,,,
http://id.loc.gov/authorities/subjects/sh85073502,Kusso Indians,Kussoo Indians,,
http://id.loc.gov/authorities/subjects/sh85073541,Kwakiutl Indians,Kwagiutl Indians;Kwakwaka'wakw Indians;Kwakwala Indians,,
http://id.loc.gov/authorities/subjects/sh85073970,Laguna Indians,,,
http://id.loc.gov/authorities/subjects/sh85134175,Lakota Indians,"Lakota Sioux Indians;Lakotah Indians;Prairie dweller Indians;Sioux Indians, Western;Teton Sioux Indians;Thítunwan Indians;Titunwan Indians;Western Sioux Indians;Teton Indians",,
http://id.loc.gov/authorities/subjects/sh2017004579,Latgawa Indians,Lat-ga-wa Indians;Upland Takelma Indians;Upper Takelma Indians;Walumskni Indians,,
http://id.loc.gov/authorities/subjects/sh2002009105,Lekwungen Indians,Songhees Indians,,
http://id.loc.gov/authorities/subjects/sh85076977,Lillooet Indians,Lilowat Indians;Státímc Indians,,
http://id.loc.gov/authorities/subjects/sh85077286,Lipan Indians,Lipaines Indians;Lipane Indians;Lipanes Indians,,
http://id.loc.gov/authorities/subjects/sh85078768,Luiseño Indians,Gheecham Indians;Kheecham Indians,http://www.wikidata.org/entity/Q3090691,Luiseño people
http://id.loc.gov/authorities/subjects/sh85078803,Lumbee Indians,Croatan Indians;Croatoan Indians;Hatteras Indians,,
http://id.loc.gov/authorities/subjects/sh85078844,Lummi Indians,Lummas Indians;Lumme Indians;Lummie Indians;Lumni Indians,,
http://id.loc.gov/authorities/subjects/sh85079036,Lutuamian Indians,Lutuami Indians,,
http://id.loc.gov/authorities/subjects/sh85079513,Madehsi Indians,Madesiwi Indians;Modesse Indians,,
http://id.loc.gov/authorities/subjects/sh85079852,Mahican Indians,Mohican Indians (N.Y.);River Indians (N.Y.),,
http://id.loc.gov/authorities/subjects/sh85079871,Maidu Indians,Maideh Indians;Meidoo Indians;Pujunan Indians,,
http://id.loc.gov/authorities/subjects/sh85079986,Makah Indians,Cape Indians;Classet Indians;Clatset Indians;Ozette Indians,,
http://id.loc.gov/authorities/subjects/sh85080131,Malecite Indians,Etchemin Indians;Mahnesheets Indians;Maliseet Indians;Malisit Indians;Marashite Indians;Marechite Indians;Maricheet Indians;Mayisit Indians;Melicete Indians;Milicete Indians;Tobic Indians;Tobique Indians,,
http://id.loc.gov/authorities/subjects/sh85080367,Manahoac Indians,,,
http://id.loc.gov/authorities/subjects/sh85080414,Mandan Indians,Mawatoni Indians;Wahtani Indians,,
http://id.loc.gov/authorities/subjects/sh85080537,Manhattan Indians,,,
http://id.loc.gov/authorities/subjects/sh94002763,Manso Indians,Gorreta Indians;Lano Indians;Pataraguel Indians;Tanpachoa Indians,,
http://id.loc.gov/authorities/subjects/sh85081082,Maricopa Indians,Cocomaricopa Indians;Pee Posh Indians;Piipaash Indians;Pipatsje Indians,,
http://id.loc.gov/authorities/subjects/sh85081796,Mascouten Indians,,,
http://id.loc.gov/authorities/subjects/sh85081812,Mashpee Indians,Marshpee Indians,,
http://id.loc.gov/authorities/subjects/sh85081913,Massachuset Indians,Massachusetts Indians;Natick Indians,,
http://id.loc.gov/authorities/subjects/sh85081961,Massapequa Indians,,,
http://id.loc.gov/authorities/subjects/sh92003323,Massawomeck Indians,Massomack Indians;Pocoughtranack Indians;Pocoughtronack Indians,,
http://id.loc.gov/authorities/subjects/sh85082431,Mayo Indians,Yolem'me Indians;Yoreme Indians,,
http://id.loc.gov/authorities/subjects/sh85082659,Mdewakanton Indians,Medawakanton Indians,,
http://id.loc.gov/authorities/subjects/sh85083587,Menominee Indians,,,
http://id.loc.gov/authorities/subjects/sh85083908,Mescalero Indians,,,
http://id.loc.gov/authorities/subjects/sh2003001925,Methow Indians,Meshons Indians;Metcowwee Indians;Methews Indians;Methoms Indians;Mitaui Indians,,
http://id.loc.gov/authorities/subjects/sh85084652,Miami Indians,Myaamia Indians;Twatwa Indians;Twightwee Indians,,
http://id.loc.gov/authorities/subjects/sh85084717,Micmac Indians,Mickmak Indians;Migmac Indians;Mi'kmaq Indians;Mi'kmaw Indians,,
http://id.loc.gov/authorities/subjects/sh85085084,Mikasuki Indians,Miccosukee Indians,,
http://id.loc.gov/authorities/subjects/sh85085380,Mill Creek Indians,,,
http://id.loc.gov/authorities/subjects/sh85085448,Mimbreño Indians,Coppermine Apache Indians,,
http://id.loc.gov/authorities/subjects/sh85085636,Mingo Indians,Mingwe Indians,,
http://id.loc.gov/authorities/subjects/sh85085698,Miniconjou Indians,Minneconjon Indians,,
http://id.loc.gov/authorities/subjects/sh85085739,Minisink Indians,Minusing Indians,,
http://id.loc.gov/authorities/subjects/sh85086182,Missisauga Indians,Mississauga Indians,,
http://id.loc.gov/authorities/subjects/sh85086233,Missouri Indians,Missouria Indians;Niutachi Indians,,
http://id.loc.gov/authorities/subjects/sh85086246,Mistassin Indians,Mistassini Indians,,
http://id.loc.gov/authorities/subjects/sh85086315,Miwok Indians,Awani Indians;Me-Wuk Indians;Meewoc Indians;Mewan Indians;Mi-Wuk Indians;Miwuk Indians;Yosemite Indians,,
http://id.loc.gov/authorities/subjects/sh85086362,Moache Indians,Muache Indians,,
http://id.loc.gov/authorities/subjects/sh85086384,Mobile Indians,Mabile Indians;Maubile Indians;Mauilla Indians;Mauvila Indians;Mavila Indians;Mouile Indians,,
http://id.loc.gov/authorities/subjects/sh85086452,Modoc Indians,,,
http://id.loc.gov/authorities/subjects/sh85086488,Mogollon Indians,,,
http://id.loc.gov/authorities/subjects/sh85086497,Mohave Indians,Aha-Makav Indians;AhaMakav Indians;Mojave Indians;People By The River;People Who Live Along The Water;Pipa Aha Macav,http://www.wikidata.org/entity/Q921253,Mohave people
http://id.loc.gov/authorities/subjects/sh85086500,Mohawk Indians,Canienga Indians;Kaniakehaka Indians;Mohaqu Indians;Mohaux Indians;Mohogiea Indians;Oka Indians;Caughnawaga Indians;Saint Regis Indians,http://www.wikidata.org/entity/Q116971,Mohawk people
http://id.loc.gov/authorities/subjects/sh85086506,Mohegan Indians,Mohican Indians (Conn.);River Indians (Conn.),,
http://id.loc.gov/authorities/subjects/sh85086538,Molala Indians,Molel Indians,,
http://id.loc.gov/authorities/subjects/sh85086669,Monacan Indians,,,
http://id.loc.gov/authorities/subjects/sh85086883,Mono Indians,,http://www.wikidata.org/entity/Q2983801,Mono people
http://id.loc.gov/authorities/subjects/sh85087004,Montagnais Indians,Mountaineer Indians,,
http://id.loc.gov/authorities/subjects/sh85087026,Montauk Indians,,,
http://id.loc.gov/authorities/subjects/sh85087192,Moquelumnan Indians,Olon-ko Indians;Wakalumitoh Indians,,
http://id.loc.gov/authorities/subjects/sh85087226,Moravian Indians,Christian Indians (Moravian),,
http://id.loc.gov/authorities/subjects/sh85088229,Muckleshoot Indians,,,
http://id.loc.gov/authorities/subjects/sh85088393,Multnomah Indians,,,
http://id.loc.gov/authorities/subjects/sh85088508,Munsee Indians,Minsi Indians;Monsey Indians;Moonsee Indians;Muncey Indians;Muncie Indians;Ontario Delaware Indians,,
http://id.loc.gov/authorities/subjects/sh85089057,Muskogean Indians,Muskhogean Indians,,
http://id.loc.gov/authorities/subjects/sh85089526,Nahane Indians,Nahani Indians;Nahauni Indians,,
http://id.loc.gov/authorities/subjects/sh85089695,Nanticoke Indians,,,
http://id.loc.gov/authorities/subjects/sh85089830,Narragansett Indians,Narraganset Indians,,
http://id.loc.gov/authorities/subjects/sh85089882,Naskapi Indians,Nascapi Indians;Nasquapee Indians;Nascapee Indians,,
http://id.loc.gov/authorities/subjects/sh85089922,Natchesan Indians,,,
http://id.loc.gov/authorities/subjects/sh85089927,Natchez Indians,,,
http://id.loc.gov/authorities/subjects/sh85090325,Nauset Indians,,,
http://id.loc.gov/authorities/subjects/sh85090345,Navajo Indians,Diné Indians (Navajo);Navaho Indians,http://www.wikidata.org/entity/Q108266,Navajo people
http://id.loc.gov/authorities/subjects/sh85090189,Neets'aii Gwich'in Indians,Chandalar Kutchin Indians;Netsikutchin Indians;Natsitkutchin Indians,,
http://id.loc.gov/authorities/subjects/sh85090660,Nehalem Indians,Nehalem Tillamook Indians,,
http://id.loc.gov/authorities/subjects/sh85090953,Nespelim Indians,,,
http://id.loc.gov/authorities/subjects/sh85091192,Neutral Nation Indians,Attiwendaronk Indians,,
http://id.loc.gov/authorities/subjects/sh85091647,Nez Percé Indians,Chopunnish Indians;Nimapu Indians;Nimiipu Indians;Nimi'ipuu Indians;Nimipu Indians;Numiipu Indians;Numipu Indians,,
http://id.loc.gov/authorities/subjects/sh2013002869,Niantic Indians,Nehântick Indians;Nehantucket Indians,,
http://id.loc.gov/authorities/subjects/sh85091751,Nicarao Indians,Niquira Indians;Niquirano Indians,http://www.wikidata.org/entity/Q39087736,Nicarao people
http://id.loc.gov/authorities/subjects/sh85091810,Nicoleño Indians,,,
http://id.loc.gov/authorities/subjects/sh85092007,Nipissing Indians,,,
http://id.loc.gov/authorities/subjects/sh85092009,Nipmuc Indians,Nipmuck Indians,,
http://id.loc.gov/authorities/subjects/sh85092021,Nisenan Indians,Nishinam Indians,,
http://id.loc.gov/authorities/subjects/sh85092030,Niska Indians,Nass River Indians;Nisgaa Indians;Nishga Indians,,
http://id.loc.gov/authorities/subjects/sh85092032,Nisqually Indians,Nisqualli Indians,,
http://id.loc.gov/authorities/subjects/sh95006607,Nobscusset Indians,Nobscussett Indians;Nobsquasitt Indians;Nobsquassit Indians;Nobsquissit Indians,,
http://id.loc.gov/authorities/subjects/sh85092212,Nomlaki Indians,Noamlaki Indians,,
http://id.loc.gov/authorities/subjects/sh85092381,Nooksack Indians,Nootsak Indians,,
http://id.loc.gov/authorities/subjects/sh85092386,Nootka Indians,Aht Indians;Noutka Indians;Nutka Indians;Nuu-chah-nulth Indians;Nuuchahnulth Indians,,
http://id.loc.gov/authorities/subjects/sh85092441,Norridgewock Indians,Canabas Indians;Canibas Indians;Cannibas Indians;Kanibas Indians;Kennebec Indians;Norridgwalk Indians;Norridgwog Indians,,
http://id.loc.gov/authorities/subjects/sh96007665,Northern Paiute Indians,Eastern Mono Indians;North Monoish Paiute Indians;Owens Valley Paiute Indians;Paviotso Indians;Surprise Valley Paiute Indians,,
http://id.loc.gov/authorities/subjects/sh85092925,Ntlakyapamuk Indians,Netlakapamuk Indians;Nlaka'pamux Indians;Nlhaʾkapmx Indians;Thompson Indians;Thompson River Indians,,
http://id.loc.gov/authorities/subjects/sh85093251,Numic Indians,Numa Indians;Plateau Shoshonean Indians,,
http://id.loc.gov/authorities/subjects/sh85013029,Nuxalk Indians,Bilchula Indians;Bilqula Indians;Bilxula Indians;Nuhalk Indians;Nuxalkmc Indians;Bellacoola Indians;Bella Coola Indians,,
http://id.loc.gov/authorities/subjects/sh00002200,Occaneechi Indians,Acconeechy Indians;Aconichi Indians;Botshenins Indians;Occaneches Indians;Occanichi Indians;Occanuchee Indians;Ocheneechee Indians;Okenechee Indians;Patshenins Indians;Occoneechee Indians,,
http://id.loc.gov/authorities/subjects/sh95004590,Off-reservation Indians,Non-reservation Indians,,
http://id.loc.gov/authorities/subjects/sh85094252,Oglala Indians,Ogallala Indians;Ogallala Sioux Indians;Ogallalla Indians,,
http://id.loc.gov/authorities/subjects/sh85033230,Ohlone Indians,Costano Indians;Costaños Indians;Costanoan Indians,,
http://id.loc.gov/authorities/subjects/sh85024423,Ojibwa Indians,Algic Indians;Anishinabe Indians;Bawichtigoutek Indians;Bungee Indians;Bungi Indians;Chipouais Indians;Lac Courte Oreilles Indians;Ochepwa Indians;Odjibway Indians;Ojebwa Indians;Ojibua Indians;Ojibwauk Indians;Ojibway Indians;Ojibwe Indians;Otchilpwe Indians;Otchipwe Indians;Salteaux Indians;Saulteaux Indians;Chippewa Indians,,
http://id.loc.gov/authorities/subjects/sh85094461,Okanagan Indians,Okanagon Indians;Okanakan Indians;Okanogan Indians;Okinakan Indians;Okinaken Indians;Okinagan Indians,,
http://id.loc.gov/authorities/subjects/sh85094665,Omaha Indians,,,
http://id.loc.gov/authorities/subjects/sh85094780,Oneida Indians,Oneota Indians (New York);Onneiout Indians,,
http://id.loc.gov/authorities/subjects/sh85094788,Oneota Indians (Great Plains),,,
http://id.loc.gov/authorities/subjects/sh85094815,Onondaga Indians,Gannentaha Indians,,
http://id.loc.gov/authorities/subjects/sh85094848,Oohenonpa Indians,Two Kettle Indians,,
http://id.loc.gov/authorities/subjects/sh88001777,Oowekeeno Indians,Awikenox Indians;Awikyenoq Indians;O-wee-kay-no Indians;Oweekano Indians;Oweekayo Indians;Owikeno Indians;Wee-kee-mock Indians;Weekenoch Indians;Wik'ēnō Indians;Wikanee Indians;Wikeinoh Indians;Wikeno Indians;Wykenas Indians,,
http://id.loc.gov/authorities/subjects/sh85094864,Opata Indians,Opataice Indians;Ore Indians;Sorora Teguima Indians;Teguima Indians;Tequima Indians;Ure Indians,,
http://id.loc.gov/authorities/subjects/sh85095861,Osage Indians,Wazhazhe Indians,,
http://id.loc.gov/authorities/subjects/sh85096040,Oto Indians,Otoe Indians;Ottoe Indians,,
http://id.loc.gov/authorities/subjects/sh85096087,Ottawa Indians,Odawa Indians;Outaouak Indians;Tawa Indians,,
http://id.loc.gov/authorities/subjects/sh85003080,Paipai Indians,Akwaʾahle Indians;Awaʾala Indians;Pai Pai Indians;Akwaʾala Indians,,
http://id.loc.gov/authorities/subjects/sh85096869,Paiute Indians,Pah-Ute Indians;Piute Indians,,
http://id.loc.gov/authorities/subjects/sh85096958,Palaihnihan Indians,,,
http://id.loc.gov/authorities/subjects/sh85097261,Paloos Indians,Palouse Indians;Palus Indians,,
http://id.loc.gov/authorities/subjects/sh85097300,Pamunkey Indians,,,
http://id.loc.gov/authorities/subjects/sh2009002835,Panamint Indians,Coso Indians;Koso Indians;Panamint Shoshone Indians,,
http://id.loc.gov/authorities/subjects/sh85098422,Pascagoula Indians,Miskigula Indians,,
http://id.loc.gov/authorities/subjects/sh85098494,Passamaquoddy Indians,,,
http://id.loc.gov/authorities/subjects/sh87005768,Patarabueye Indians,Chalombo Indians;Chalomo Indians;Concho Indians;Julimeno Indians;Pulico Indians;Trigo Indians,,
http://id.loc.gov/authorities/subjects/sh85098808,Patwin Indians,,,
http://id.loc.gov/authorities/subjects/sh86000262,Paugusset Indians,Paugussett Indians,,
http://id.loc.gov/authorities/subjects/sh85098887,Pawnee Indians,Pani Indians,,
http://id.loc.gov/authorities/subjects/sh86007624,Payaya Indians,Paia Indians;Paiaia Indians;Paialla Indians;Paiaya Indians;Payai Indians;Payalla Indians;Payay Indians;Payaye Indians;Peyaya Indians,,
http://id.loc.gov/authorities/subjects/sh00006496,Pee Dee Indians,Peadeas Indians;Pedee Indians;Pedees Indians,,
http://id.loc.gov/authorities/subjects/sh85099501,Pennacook Indians,Penacook Indians;Pennekook Indians,,
http://id.loc.gov/authorities/subjects/sh85099566,Penobscot Indians,,,
http://id.loc.gov/authorities/subjects/sh85099660,Peoria Indians,,,
http://id.loc.gov/authorities/subjects/sh85099698,Pequawket Indians,Amiscogging Indians;Piggwacket Indians;Pigwacket Indians,,
http://id.loc.gov/authorities/subjects/sh85099700,Pequot Indians,,,
http://id.loc.gov/authorities/subjects/sh85101721,Piankashaw Indians,Piankeshaw Indians,,
http://id.loc.gov/authorities/subjects/sh85102041,Piegan Indians,Peigan Indians;Pikuni Indians,,
http://id.loc.gov/authorities/subjects/sh85102169,Pima Indians,Akimel O'odham;Akimel O'otham,,
http://id.loc.gov/authorities/subjects/sh85102176,Piman Indians,,,
http://id.loc.gov/authorities/subjects/sh85102409,Pipil Indians,Pipeli Indians;Pipili Indians,http://www.wikidata.org/entity/Q267410,Pipil people
http://id.loc.gov/authorities/subjects/sh85102441,Piro Pueblo Indians,Piro Indians (New Mexico),,
http://id.loc.gov/authorities/subjects/sh94005585,Piscataway Indians,Pascatacon Indians;Pascatowie Indians;Pascattaway Indians;Paschatoway Indians;Pascoticon Indians;Pazatican Indians;Piscattaway Indians;Puscattaway Indians,,
http://id.loc.gov/authorities/subjects/sh85103643,Pocasset Indians,Fall River Indians;Troy Indians,,
http://id.loc.gov/authorities/subjects/sh85104765,Pomo Indians,Kulanapan Indians,,
http://id.loc.gov/authorities/subjects/sh85104777,Ponca Indians,Ponka Indians,,
http://id.loc.gov/authorities/subjects/sh85105669,Potawatomi Indians,Pottawatamie Indians;Pottowatomie Indians,,
http://id.loc.gov/authorities/subjects/sh85105688,Potomac Indians,Pataomecke Indians;Pataromecke Indians;Patawomeck Indians;Patawomeke Indians;Patomeck Indians;Potomack Indians,,
http://id.loc.gov/authorities/subjects/sh85106022,Powhatan Indians,,,
http://id.loc.gov/authorities/subjects/sh85108902,Pueblo Indians,,,
http://id.loc.gov/authorities/subjects/sh95006831,Puget Sound Salish Indians,Lushootseed Indians;North Puget Sound Salish Indians;Northern Puget Sound Salish Indians;South Puget Sound Salish Indians;Southern Coast Salish Indians;Toughnowawmish Indians,,
http://id.loc.gov/authorities/subjects/sh85109258,Puyallup Indians,,,
http://id.loc.gov/authorities/subjects/sh85109470,Quapaw Indians,Ogàxpa Indians;Ugaxpa Indians,,
http://id.loc.gov/authorities/subjects/sh85109852,Quileute Indians,Quillayute Indians;Quillehute Indians,,
http://id.loc.gov/authorities/subjects/sh85109870,Quinault Indians,Kwinaiult Indians;Quinaielt Indians,,
http://id.loc.gov/authorities/subjects/sh85109882,Quinnipiac Indians,,,
http://id.loc.gov/authorities/subjects/sh85111433,Rappahannock Indians,,,
http://id.loc.gov/authorities/subjects/sh95006093,Reservation Indians,,,
http://id.loc.gov/authorities/subjects/sh85116238,Saclan Indians,Saklan Indians,,
http://id.loc.gov/authorities/subjects/sh86006253,Sakonnet Indians,Saconet Indians;Saconnet Indians;Seaconnet Indians;Seconet Indians,,
http://id.loc.gov/authorities/subjects/sh85116760,Salinan Indians,Salina Indians,,
http://id.loc.gov/authorities/subjects/sh85116797,Salish Indians,Flathead Indians,,
http://id.loc.gov/authorities/subjects/sh85116802,Salishan Indians,Siwash Indians,,
http://id.loc.gov/authorities/subjects/sh85117025,Samish Indians,,,
http://id.loc.gov/authorities/subjects/sh85117310,Sanpoil Indians,,,
http://id.loc.gov/authorities/subjects/sh85117315,Sans Arc Indians,,,
http://id.loc.gov/authorities/subjects/sh85117400,Santee Indians,"Eastern Sioux Indians;Flandreau Indians;Santee Sioux Indians;Sioux Indians, Eastern",,
http://id.loc.gov/authorities/subjects/sh85117437,Saone Indians,Sanona Indians;Sioune Indians,,
http://id.loc.gov/authorities/subjects/sh96006587,Saponi Indians,Monasiccapano Indians;Monasukapanough Indians;Sapona Indians;Saponees Indians;Sapong Indians;Saponys Indians;Sapponi Indians;Sappony Indians,,
http://id.loc.gov/authorities/subjects/sh85117590,Sarsi Indians,Sarcee Indians;Tsuu T'ina Indians;Tsuut'ina Indians,,
http://id.loc.gov/authorities/subjects/sh85117717,Sauk Indians,Sac Indians,,
http://id.loc.gov/authorities/subjects/sh85118038,Scaticook Indians,Pachgatgoch Indians;Pachgatgooch Indians;Patchgatgoch Indians;Scachtacook Indians;Schaghticoke Indians;Scoticook Indians;Scotticook Indians;Scaticook Indians (N.Y.);Scaticook Indians (Conn.),,
http://id.loc.gov/authorities/subjects/sh93007722,Sechelt Indians,Nīciatl Indians;Seechelt Indians;Seshelt Indians;Sīciatl Indians;Siechelt Indians,,
http://id.loc.gov/authorities/subjects/sh91002063,Sekani Indians,,,
http://id.loc.gov/authorities/subjects/sh85119939,Seminole Indians,Seminoles,,
http://id.loc.gov/authorities/subjects/sh85119990,Seneca Indians,,,
http://id.loc.gov/authorities/subjects/sh2001004540,Senijextee Indians,Lake Indians;Lakes Indians;Sinatcheggs Indians;Sinuitskistux Indians;Sin Aikst Indians,,
http://id.loc.gov/authorities/subjects/sh85120223,Seri Indians,Ceri Indians;Comcáac Indians;Conca'ac Indians;Cuncaac Indians;Heri Indians;Kmike Indians;Kukaak Indians;Kunkaak Indians;Tiburon Indians;Zeri Indians,http://www.wikidata.org/entity/Q1263088,Seri people
http://id.loc.gov/authorities/subjects/sh85120321,Serrano Indians,People of the Pines Indians;Yuhaviatam Indians,,
http://id.loc.gov/authorities/subjects/sh85120531,Sewee Indians,Sawé Indians;Seawas Indians;Seawee Indians;Sewoe Indians,,
http://id.loc.gov/authorities/subjects/sh85120796,Shahaptian Indians,Sahaptin Indians,,
http://id.loc.gov/authorities/subjects/sh85022729,Shasta Indians,Chasta Indians,,
http://id.loc.gov/authorities/subjects/sh85121160,Shastan Indians,,,
http://id.loc.gov/authorities/subjects/sh85121176,Shawnee Indians,Pequea Indians;Piquaw Indians;Shawanese Indians;Shawanoe Indians,,
http://id.loc.gov/authorities/subjects/sh85121487,Shinnecock Indians,,,
http://id.loc.gov/authorities/subjects/sh85122076,Shoshonean Indians,Shoshonian Indians,,
http://id.loc.gov/authorities/subjects/sh85122078,Shoshoni Indians,Shoshone Indians;Snake Indians,,
http://id.loc.gov/authorities/subjects/sh85122087,Shoto Indians,,,
http://id.loc.gov/authorities/subjects/sh85122170,Shuswap Indians,Secwepemc Indians;Shushwap Indians,,
http://id.loc.gov/authorities/subjects/sh85122418,Sihasapa Indians,Blackfeet Indians (Dakota);Blackfoot Indians (Dakota),,
http://id.loc.gov/authorities/subjects/sh85122452,Siksika Indians,Blackfeet Indians (Algonquian);Blackfoot Indians (Algonquian),http://www.wikidata.org/entity/Q388264,Blackfoot Confederacy
http://id.loc.gov/authorities/subjects/sh85122492,Siletz Indians,,,
http://id.loc.gov/authorities/subjects/sh00008614,Sinixt Indians,Arrow Lakes Indians,,
http://id.loc.gov/authorities/subjects/sh85122892,Sinkiuse-Columbia Indians,Columbia Indians;Isles de Pierres Indians;Middle Columbia Salish Indians;Sincayuse Indians;Sinkiuse Indians,,
http://id.loc.gov/authorities/subjects/sh85122894,Sinkyone Indians,Kaikoma Indians,,
http://id.loc.gov/authorities/subjects/sh85122942,Siouan Indians,,,
http://id.loc.gov/authorities/subjects/sh85123001,Sisseton Indians,,,
http://id.loc.gov/authorities/subjects/sh85123046,Siuslaw Indians,,,
http://id.loc.gov/authorities/subjects/sh85123062,Siwanoy Indians,,http://www.wikidata.org/entity/Q3485550,Siwanoy
http://id.loc.gov/authorities/subjects/sh85123090,Skagit Indians,,,
http://id.loc.gov/authorities/subjects/sh2018000205,Skilloot Indians,Caloait Indians;Calooit Indians;Caloort Indians;Chilook Indians;Hullooetell Indians;Kolnit Indians;Kreluits Indians;Seamysty Indians;Skillools Indians;Skillot Indians;Skillute Indians;Skillutes Indians;Skillutts Indians;Thlakalama Indians;Tlakatlala Indians,,
http://id.loc.gov/authorities/subjects/sh85123224,Skokomish Indians,Hokamish Indians;Kokomish Indians;Scocomish Indians;Skakabish Indians;Skakamish Indians;Skakobish Indians;Skaquahmish Indians;Skaquamish Indians;Skasquamish Indians;Skiquamish Indians;Skokamish Indians;Skokobc Indians;S'Komish Indians;Skoskomish Indians,,
http://id.loc.gov/authorities/subjects/sh85123307,Slavey Indians,Awokanak Indians;Etchareottine Indians;Slave Indians,,
http://id.loc.gov/authorities/subjects/sh88007665,Snohomish Indians,,,
http://id.loc.gov/authorities/subjects/sh2001000768,Snoqualmie Indians,Snuqualmie Indians,,
http://id.loc.gov/authorities/subjects/sh2002007736,Snuneymuxw Indians,Nanaimo Indians;Snanaimux Indians;Sne Nay Muxw Indians;Sne ney mux Indians;Sneneymexw Indians;Xne Nal Mewx Indians,,
http://id.loc.gov/authorities/subjects/sh85123831,Sobaipuri Indians,Sabagui Indians;Sobaypuri Indians,,
http://id.loc.gov/authorities/subjects/sh85124472,Sokoki Indians,Saco Indians,,
http://id.loc.gov/authorities/subjects/sh96003533,Southern Paiute Indians,Kaibab Paiute Indians;San Juan Paiute Indians;Shivwits Paiute Indians;Uinkarets Paiute Indians,,
http://id.loc.gov/authorities/subjects/sh85126844,Spokane Indians,Spokan Indians,,
http://id.loc.gov/authorities/subjects/sh85127104,Squawmish Indians,Shwawmish Indians;Skaywamish Indians;Skgomic Indians;Skwawmish Indians;Squamish Indians;Suquamish Indians (B.C.),,
http://id.loc.gov/authorities/subjects/sh2006004628,Steilacoom Indians,Sastuck Indians;Segwallitchu Indians;Spanaway Indians;Steilacoomamish Indians;Steilakumamish Indians;Tlithlow Indians,,
http://id.loc.gov/authorities/subjects/sh85128136,Stillaquamish Indians,Stillaguamish Indians,,
http://id.loc.gov/authorities/subjects/sh85128211,Stockbridge Indians,Housatonic Indians;Housatunnuk Indians;Houssatonnoc Indians,,
http://id.loc.gov/authorities/subjects/sh85127286,Stó:lō Indians,Fraser River Indians;Fraser's River Indians;Halkomelem Indians;Lower Fraser Salish Indians;Stahlo Indians;Stallo Indians;Staulo Indians;Stólō Indians;Stalo Indians,,
http://id.loc.gov/authorities/subjects/sh85130705,Suquamish Indians,Soquamish Indians;Squamish Indians (Wash.);Squawmish Indians (Wash.);Sukwamish Indians;Suquahmish Indians;Swokwabish Indians,,
http://id.loc.gov/authorities/subjects/sh85130902,Susquehanna Indians,Susquehannock Indians,,
http://id.loc.gov/authorities/subjects/sh85131264,Swinomish Indians,,,
http://id.loc.gov/authorities/subjects/sh85131783,Tabeguache Indians,Uncompahgre Ute Indians,,
http://id.loc.gov/authorities/subjects/sh85131890,Taensa Indians,Taenca Indians;Taenso Indians;Taenza Indians;Tensa Indians;Tensagini Indians;Tensau Indians;Tensaw Indians,,
http://id.loc.gov/authorities/subjects/sh89006889,Tagish Indians,,,
http://id.loc.gov/authorities/subjects/sh85131923,Tahltan Indians,,,
http://id.loc.gov/authorities/subjects/sh85132055,Takelma Indians,Takilman Indians,,
http://id.loc.gov/authorities/subjects/sh2001002476,Talapoosa Indians,Talabouchi Indians;Talapouche Indians;Talapuces Indians;Talapuche Indians;Tallapoosa Indians,,
http://id.loc.gov/authorities/subjects/sh85132248,Tanana Indians,Nabesnatana Indians;Tenankutchin Indians;Upper Tanana Indians,,
http://id.loc.gov/authorities/subjects/sh85132337,Tanoan Indians,,,
http://id.loc.gov/authorities/subjects/sh85132400,Taos Indians,,,
http://id.loc.gov/authorities/subjects/sh85132455,Tarahumara Indians,Corohio Indians;Raramuri Indians;Tarauhmarice Indians;Taraumara Indians;Tarrahumara Indians;Tarahumare Indians,http://www.wikidata.org/entity/Q429921,Tarahumara
http://id.loc.gov/authorities/subjects/sh85132800,Tawakoni Indians,Tahwahcarro Indians;Towakarro Indians,,
http://id.loc.gov/authorities/subjects/sh85133194,Teco Indians,Cuitlatecos,,
http://id.loc.gov/authorities/subjects/sh85133195,Tecuexe Indians,Tehuexe Indians,,
http://id.loc.gov/authorities/subjects/sh85133961,Tepecano Indians,,,
http://id.loc.gov/authorities/subjects/sh85133962,Tepehua Indians,Tepahue Indians;Tepagui Indians;Tepaguy Indians;Tepahui Indians;Tepave Indians;Tepavi Indians,,
http://id.loc.gov/authorities/subjects/sh85133965,Tepehuan Indians,Odami Indians;Tepegua Indians;Tepeguana Indians;Tepeguane Indians;Tepehuana Indians;Tepehuano Indians;Tepeohuane Indians;Tepehuane Indians,,
http://id.loc.gov/authorities/subjects/sh97004633,Tequesta Indians,Tegesta Indians;Tekesta Indians;Tequeste Indians,,
http://id.loc.gov/authorities/subjects/sh85134247,Tewa Indians,Tegua Indians;Tehua Indians,,
http://id.loc.gov/authorities/subjects/sh85135366,Tillamook Indians,Kilamook Indians;Killamook Indians;Ntsietshaw Indians;Ntsietshawus Indians;Talamoh Indians;Tilamuk Indians,,
http://id.loc.gov/authorities/subjects/sh85135455,Timiskaming Indians,,,
http://id.loc.gov/authorities/subjects/sh85135480,Timucua Indians,Timuqua Indians;Utina Indians,,
http://id.loc.gov/authorities/subjects/sh85135528,Tinne Indians,Déné Indians (Tinne),,
http://id.loc.gov/authorities/subjects/sh85135549,Tionontati Indians,Petun Indians;Tobacco Nation Indians,,
http://id.loc.gov/authorities/subjects/sh85135331,Tiwa Indians,Tihua Indians;Tigua Indians,,
http://id.loc.gov/authorities/subjects/sh85135681,Tlakluit Indians,Wishom Indians;Wishram Indians,,
http://id.loc.gov/authorities/subjects/sh85135689,Tlingit Indians,Koloshi Indians;Koluschan Indians;Lingít Indians;Thlinket Indians;Thlinkithen Indians;Tlinkit Indians,,
http://id.loc.gov/authorities/subjects/sh85097543,Tohono O'odham Indians,Tohono O'otham Indians;Papago Indians,,
http://id.loc.gov/authorities/subjects/sh85135902,Tolowa Indians,,,
http://id.loc.gov/authorities/subjects/sh85136003,Tonikan Indians,,,
http://id.loc.gov/authorities/subjects/sh85136006,Tonkawa Indians,Tonkawan Indians,,
http://id.loc.gov/authorities/subjects/sh85138313,Tsattine Indians,Beaver Indians;Dane-zaa Indians;Dreamer Indians;Dunne-za Indians;Dunneza Indians,,
http://id.loc.gov/authorities/subjects/sh86003436,Tsetsaut Indians,,,
http://id.loc.gov/authorities/subjects/sh85138324,Tsimshian Indians,,,
http://id.loc.gov/authorities/subjects/sh85138392,Tubatulabal Indians,,,
http://id.loc.gov/authorities/subjects/sh85138501,Tukkuthkutchin Indians,Upper Porcupine River Kutchin Indians,,
http://id.loc.gov/authorities/subjects/sh85138503,Tukuarika Indians,Sheep Eater Indians;Sheepeaters Indians;Tukudika Indians,,
http://id.loc.gov/authorities/subjects/sh85138509,Tulalip Indians,,,
http://id.loc.gov/authorities/subjects/sh85138636,Tunica Indians,Tonica Indians;Yoron Indians,,
http://id.loc.gov/authorities/subjects/sh85138681,Tunxis Indians,,,
http://id.loc.gov/authorities/subjects/sh85138970,Tuscarora Indians,Touscarora Indians;Tuskara Indians;Tuskarora Indians;Tuskeruru Indians,,
http://id.loc.gov/authorities/subjects/sh89006888,Tutchone Indians,Selkirk Indians;Tutchone Kutchin Indians;Tutchonekutchin Indians,,
http://id.loc.gov/authorities/subjects/sh85138989,Tutelo Indians,Katera Indians;Shateras Indians,,
http://id.loc.gov/authorities/subjects/sh85138996,Tututni Indians,Dootoodn Indians;Rogue River Indians,,
http://id.loc.gov/authorities/subjects/sh85139008,Twana Indians,Toanho Indians;Too-an-hooch Indians,,
http://id.loc.gov/authorities/subjects/sh85139327,Uinta Indians,Uintah Indians,,
http://id.loc.gov/authorities/subjects/sh85139515,Umatilla Indians,,,
http://id.loc.gov/authorities/subjects/sh85139553,Umpqua Indians,Cow Creek Indians;Etnemitane Indians;Nahankhuotana Indians,,
http://id.loc.gov/authorities/subjects/sh2011000793,Unkechaug Indians,Onecchechaug Indians;Patchague Indians;Patchoag Indians;Patchogue Indians;Poospatuck Indians;Unachog Indians;Uncachage Indians;Unchachaug Indians;Unquachock Indians;Unquachog Indians,,
http://id.loc.gov/authorities/subjects/sh85141600,Ute Indians,Nūche Indians;Uta Indians,,
http://id.loc.gov/authorities/subjects/sh85141630,Uto-Aztecan Indians,,,
http://id.loc.gov/authorities/subjects/sh85144478,Vuntut Gwich'in Indians,Crow Flats Kutchin Indians;Crow River Kutchin Indians;Old Crow Indians;Vanta Kutchin Indians;Vunta Kutchin Indians;Vuntut Gwitchin Indians;Vuntakutchin Indians,,
http://id.loc.gov/authorities/subjects/sh89000242,Waccamaw Indians,,,
http://id.loc.gov/authorities/subjects/sh85144495,Wachuset Indians,,,
http://id.loc.gov/authorities/subjects/sh85144497,Waco Indians,,,
http://id.loc.gov/authorities/subjects/sh85144817,Wahpekute Indians,Wahpacoota Indians,,
http://id.loc.gov/authorities/subjects/sh85144818,Wahpeton Indians,,,
http://id.loc.gov/authorities/subjects/sh85144824,Wailaki Indians,Pitch Indians,,
http://id.loc.gov/authorities/subjects/sh85144847,Wakashan Indians,,,
http://id.loc.gov/authorities/subjects/sh85144919,Walla Walla Indians,,,
http://id.loc.gov/authorities/subjects/sh85144975,Walpapi Indians,Woll-pah-pe Indians,,
http://id.loc.gov/authorities/subjects/sh85145062,Wamesit Indians,Pawtucket Indians,,
http://id.loc.gov/authorities/subjects/sh85145063,Wampanoag Indians,Massasoit Indians;Pokanoket Indians,,
http://id.loc.gov/authorities/subjects/sh85145074,Wanapum Indians,Sokulk Indians;Wanapam Indians,,
http://id.loc.gov/authorities/subjects/sh85145109,Wappinger Indians,Guilford Indians;Hammonassett Indians;Massacoe Indians;Menunkatuk Indians;Naugatuck Indians;Nochpeem Indians;Podunk Indians,,
http://id.loc.gov/authorities/subjects/sh85145111,Wappo Indians,Ashochimi Indians;Soteomellos Indians;Sotomieyos Indians,,
http://id.loc.gov/authorities/subjects/sh85145268,Warm Spring Apache Indians,Tcihene Indians;Warm Springs Apache Indians,,
http://id.loc.gov/authorities/subjects/sh85145327,Wasco Indians,,,
http://id.loc.gov/authorities/subjects/sh85145397,Washoe Indians,Washoan Indians;Washo Indians,,
http://id.loc.gov/authorities/subjects/sh2017004830,Watlala Indians,Cascade Indians;Cathlakaheckit Indians;Cathlathlala Indians;Clahclellah Indians;Gila'xicatck Indians;Katlagakya Indians;Neerchokioon Indians;Shahala Indians;Washougal Indians;Yehuh Indians,,
http://id.loc.gov/authorities/subjects/sh85145793,Wawenock Indians,Wawenoc Indians;Wawenok Indians;Weweenock Indians;Wewenoc Indians,,
http://id.loc.gov/authorities/subjects/sh85145819,Wea Indians,,,
http://id.loc.gov/authorities/subjects/sh2015001878,Weapemeoc Indians,Yeopim Indians,,
http://id.loc.gov/authorities/subjects/sh85146069,Welsh Indians,,,
http://id.loc.gov/authorities/subjects/sh85146097,Wenatchi Indians,Awenatchela Indians;Pisquow Indians;Tsokwobe Indians;Wanoolchie Indians;Waratcha Indians;Waratka Indians;Wenatcha Indians;Wenatchee Indians;Wenatshepan Indians;Winatshipum Indians;Wynoochee Indians,,
http://id.loc.gov/authorities/subjects/sh85146104,Wenrohronon Indians,Wenro Indians,,
http://id.loc.gov/authorities/subjects/sh89004698,Western Apache Indians,Aravaipa Indians;Coyotera Indians;Coyotero Indians,,
http://id.loc.gov/authorities/subjects/sh93004426,Wet'suwet'en Indians,Bulkley Carrier Indians;Bulkley River Carrier Indians;Hwitsowitenne Indians;Hwotsu'tinni Indians;Witsuwit'en Indians,,
http://id.loc.gov/authorities/subjects/sh95007258,White Mountain Apache Indians,Sierra Blanca Indians,,
http://id.loc.gov/authorities/subjects/sh85146582,Wichita Indians,Quivira Indians,,
http://id.loc.gov/authorities/subjects/sh2002009111,Wiechquaeskeck Indians,Wechquaesgeek Indians;Wecquaesgeek Indians;Wickquaskeek Indians;Wiequaskeck Indians;Wiquaeskeck Indians,,
http://id.loc.gov/authorities/subjects/sh85146842,Wiminuche Indians,Ute Mountain Ute Indians;Weeminuche Indians,,
http://id.loc.gov/authorities/subjects/sh85147016,Winnebago Indians,Nipegon Indians;Puant Indians;Winebago Indians,,
http://id.loc.gov/authorities/subjects/sh89003678,Wintu Indians,,,
http://id.loc.gov/authorities/subjects/sh85147053,Wintun Indians,Copehan Indians;Winiun Indians;Wintoon Indians,,
http://id.loc.gov/authorities/subjects/sh85147194,Wiyot Indians,Humboldt Bay Indians;Kowlith Indians;Viard Indians;Waiyat Indians;Weeyot Indians;Weiyot Indians;Wischosk Indians;Wishosk Indians;Wiyat Indians;Wiyok Indians,,
http://id.loc.gov/authorities/subjects/sh85147950,Woodland Indians,Eastern Woodland Indians,,
http://id.loc.gov/authorities/subjects/sh85148695,Wyam Indians,Des Chutes Indians;Waiam Indians;Wiam Indians,,
http://id.loc.gov/authorities/subjects/sh85063182,Wyandot Indians,Guyandot Indians;Wanat Indians;Wandot Indians;Weinondot Indians;Wendat Indians;Wundat Indians;Wyandott Indians;Wyandotte Indians;Huron Indians,,
http://id.loc.gov/authorities/subjects/sh85148914,Yahuskin Indians,,,
http://id.loc.gov/authorities/subjects/sh85148920,Yakama Indians,Yakima Indians,,
http://id.loc.gov/authorities/subjects/sh85148925,Yakonan Indians,Yakon Indians;Yakona Indians;Yakwina Indians;Yaquina Indians,http://www.wikidata.org/entity/Q56518,Yaquina people
http://id.loc.gov/authorities/subjects/sh85148962,Yamassee Indians,Yamacraw Indians,,
http://id.loc.gov/authorities/subjects/sh85148975,Yampa Indians,Grand River Ute Indians,,
http://id.loc.gov/authorities/subjects/sh85148977,Yana Indians,Yahi Indians,,
http://id.loc.gov/authorities/subjects/sh85148997,Yankton Indians,,,
http://id.loc.gov/authorities/subjects/sh85148998,Yanktonai Indians,Yanktonnai Indians,,
http://id.loc.gov/authorities/subjects/sh85149014,Yaqui Indians,Hiaque Indians;Hiaqui Indians,,
http://id.loc.gov/authorities/subjects/sh85149042,Yavapai Indians,Apache Mohave Indians;Mohave Apache Indians;Tonto Indians;Tulkepa Indians;Tulkepaia Indians;Yampai Indians;Yampio Indians;Yavapai Apache Indians;Yavape Indians;Yavape Kutcan Indians;Yavipai Indians,http://www.wikidata.org/entity/Q1894736,Yavapai people
http://id.loc.gov/authorities/subjects/sh2007002304,Yazoo Indians,,,
http://id.loc.gov/authorities/subjects/sh85149198,Yokayo Indians,Ukiah Indians;Yokaia Indians,,
http://id.loc.gov/authorities/subjects/sh85149206,Yokuts Indians,Mariposa Indians;Mariposan Indians,,
http://id.loc.gov/authorities/subjects/sh85149220,Yoncalla Indians,Yomkallie Indians;Yonkalla Indians,,
http://id.loc.gov/authorities/subjects/sh85149430,Yuchi Indians,Chisca Indians;Euchee Indians;Uchean Indians;Uchee Indians;Uchi Indians;Westo Indians;Youchee Indians;Yuchian Indians;Yutchi Indians,,
http://id.loc.gov/authorities/subjects/sh85149497,Yuki Indians,Yukai Indians;Yukeh Indians;Yukian Indians,,
http://id.loc.gov/authorities/subjects/sh85149505,Yuma Indians,Cuchan Indians;Cuichana Indians;Cutgana Indians;Kwichan Indians;Quechan Indians;Umea Indians;Yutcana Indians,,
http://id.loc.gov/authorities/subjects/sh85149509,Yuman Indians,,,
http://id.loc.gov/authorities/subjects/sh85149522,Yurok Indians,Euroc Indians;Weithspeh Indians;Weithspek Indians,,
http://id.loc.gov/authorities/subjects/sh85122184,Zia Indians,Sia Indians,,
http://id.loc.gov/authorities/subjects/sh85150060,Zuni Indians,Zuñian Indians,,
